[
  {
    "fields": {
      "action_flag": 1,
      "action_time": "2023-06-29T04:28:55.626Z",
      "change_message": "[{\"added\": {}}]",
      "content_type": 30,
      "object_id": "5",
      "object_repr": " ",
      "user": 1
    },
    "model": "admin.logentry",
    "pk": 1
  },
  {
    "fields": {
      "action_flag": 2,
      "action_time": "2023-06-29T04:29:29.696Z",
      "change_message": "[{\"changed\": {\"fields\": [\"First name\", \"Last name\", \"Email address\"]}}]",
      "content_type": 30,
      "object_id": "5",
      "object_repr": "empleadoncio ",
      "user": 1
    },
    "model": "admin.logentry",
    "pk": 2
  },
  {
    "fields": {
      "action_flag": 1,
      "action_time": "2023-06-29T04:29:44.630Z",
      "change_message": "[{\"added\": {}}]",
      "content_type": 31,
      "object_id": "1",
      "object_repr": "Applicant object (1)",
      "user": 1
    },
    "model": "admin.logentry",
    "pk": 3
  },
  {
    "fields": {
      "action_flag": 1,
      "action_time": "2023-06-29T05:57:26.996Z",
      "change_message": "[{\"added\": {}}]",
      "content_type": 8,
      "object_id": "1",
      "object_repr": "Proceso de contrataci\u00f3n de Ingenieros de Software",
      "user": 1
    },
    "model": "admin.logentry",
    "pk": 4
  },
  {
    "fields": {
      "action_flag": 1,
      "action_time": "2023-06-29T06:26:08.718Z",
      "change_message": "[{\"added\": {}}]",
      "content_type": 23,
      "object_id": "13",
      "object_repr": "Habilidad para hablar en p\u00fablico for position Position Ingeniero de software in area Area de desarrollo de software",
      "user": 1
    },
    "model": "admin.logentry",
    "pk": 5
  },
  {
    "fields": {
      "action_flag": 1,
      "action_time": "2023-06-29T06:26:20.843Z",
      "change_message": "[{\"added\": {}}]",
      "content_type": 23,
      "object_id": "14",
      "object_repr": "Facilidad de comunicar ideas for position Position Ingeniero de software in area Area de desarrollo de software",
      "user": 1
    },
    "model": "admin.logentry",
    "pk": 6
  },
  {
    "fields": {
      "action_flag": 1,
      "action_time": "2023-06-29T08:39:47.346Z",
      "change_message": "[{\"added\": {}}]",
      "content_type": 27,
      "object_id": "6",
      "object_repr": "Liderazgo de equipos medianos y grandes",
      "user": 1
    },
    "model": "admin.logentry",
    "pk": 7
  },
  {
    "fields": {
      "action_flag": 1,
      "action_time": "2023-06-29T08:40:05.518Z",
      "change_message": "[{\"added\": {}}]",
      "content_type": 23,
      "object_id": "15",
      "object_repr": "Liderazgo de equipos medianos y grandes for position Position Ingeniero de software in area Area de desarrollo de software",
      "user": 1
    },
    "model": "admin.logentry",
    "pk": 8
  },
  {
    "fields": {
      "action_flag": 1,
      "action_time": "2023-06-29T17:28:31.028Z",
      "change_message": "[{\"added\": {}}]",
      "content_type": 8,
      "object_id": "2",
      "object_repr": "Proceso de selecci\u00f3n de supervisor de recursos humanos",
      "user": 1
    },
    "model": "admin.logentry",
    "pk": 9
  },
  {
    "fields": {
      "action_flag": 1,
      "action_time": "2023-07-10T09:46:23.902Z",
      "change_message": "[{\"added\": {}}]",
      "content_type": 31,
      "object_id": "2",
      "object_repr": "Applicant: Jose Joseson",
      "user": 1
    },
    "model": "admin.logentry",
    "pk": 10
  },
  {
    "fields": {
      "action_flag": 1,
      "action_time": "2023-07-10T10:43:01.532Z",
      "change_message": "[{\"added\": {}}]",
      "content_type": 65,
      "object_id": "1",
      "object_repr": "Competency: Habilidad para hablar en p\u00fablico for Applicant: empleadoncio empleadirez",
      "user": 1
    },
    "model": "admin.logentry",
    "pk": 11
  },
  {
    "fields": {
      "action_flag": 1,
      "action_time": "2023-07-10T10:43:16.421Z",
      "change_message": "[{\"added\": {}}]",
      "content_type": 65,
      "object_id": "2",
      "object_repr": "Competency: Facilidad de comunicar ideas for Applicant: empleadoncio empleadirez",
      "user": 1
    },
    "model": "admin.logentry",
    "pk": 12
  },
  {
    "fields": {
      "action_flag": 1,
      "action_time": "2023-07-10T10:43:36.142Z",
      "change_message": "[{\"added\": {}}]",
      "content_type": 65,
      "object_id": "3",
      "object_repr": "Competency: Proeficiencia en react for Applicant: empleadoncio empleadirez",
      "user": 1
    },
    "model": "admin.logentry",
    "pk": 13
  },
  {
    "fields": {
      "action_flag": 1,
      "action_time": "2023-07-10T10:43:42.020Z",
      "change_message": "[{\"added\": {}}]",
      "content_type": 65,
      "object_id": "4",
      "object_repr": "Competency: Habilidad en t\u00e9cnicas de recuperaci\u00f3n de datos for Applicant: Jose Joseson",
      "user": 1
    },
    "model": "admin.logentry",
    "pk": 14
  },
  {
    "fields": {
      "action_flag": 1,
      "action_time": "2023-07-10T10:43:47.674Z",
      "change_message": "[{\"added\": {}}]",
      "content_type": 65,
      "object_id": "5",
      "object_repr": "Competency: Conocimientos de seguridad en la nube for Applicant: Jose Joseson",
      "user": 1
    },
    "model": "admin.logentry",
    "pk": 15
  },
  {
    "fields": {
      "action_flag": 1,
      "action_time": "2023-07-10T10:44:01.311Z",
      "change_message": "[{\"added\": {}}]",
      "content_type": 65,
      "object_id": "6",
      "object_repr": "Competency: Liderazgo de equipos medianos y grandes for Applicant: Jose Joseson",
      "user": 1
    },
    "model": "admin.logentry",
    "pk": 16
  },
  {
    "fields": {
      "action_flag": 1,
      "action_time": "2023-07-10T10:52:42.422Z",
      "change_message": "[{\"added\": {}}]",
      "content_type": 63,
      "object_id": "1",
      "object_repr": "Training: Idioma B1 en Ingles for Applicant: empleadoncio empleadirez",
      "user": 1
    },
    "model": "admin.logentry",
    "pk": 17
  },
  {
    "fields": {
      "action_flag": 1,
      "action_time": "2023-07-10T10:52:52.047Z",
      "change_message": "[{\"added\": {}}]",
      "content_type": 63,
      "object_id": "2",
      "object_repr": "Training: Certificaci\u00f3n Asociate en AWS Certified Developer for Applicant: empleadoncio empleadirez",
      "user": 1
    },
    "model": "admin.logentry",
    "pk": 18
  },
  {
    "fields": {
      "action_flag": 1,
      "action_time": "2023-07-10T10:53:26.627Z",
      "change_message": "[{\"added\": {}}]",
      "content_type": 63,
      "object_id": "3",
      "object_repr": "Training: Grado acad\u00e9mico Bachiller en Ingenier\u00eda Inform\u00e1tica for Applicant: empleadoncio empleadirez",
      "user": 1
    },
    "model": "admin.logentry",
    "pk": 19
  },
  {
    "fields": {
      "action_flag": 1,
      "action_time": "2023-07-10T10:53:41.479Z",
      "change_message": "[{\"added\": {}}]",
      "content_type": 63,
      "object_id": "4",
      "object_repr": "Training: Idioma C2 en Ingles for Applicant: Jose Joseson",
      "user": 1
    },
    "model": "admin.logentry",
    "pk": 20
  },
  {
    "fields": {
      "action_flag": 1,
      "action_time": "2023-07-10T11:08:42.282Z",
      "change_message": "[{\"added\": {}}]",
      "content_type": 64,
      "object_id": "1",
      "object_repr": "5 a\u00f1os de blablabla",
      "user": 1
    },
    "model": "admin.logentry",
    "pk": 21
  },
  {
    "fields": {
      "action_flag": 1,
      "action_time": "2023-07-10T11:08:55.642Z",
      "change_message": "[{\"added\": {}}]",
      "content_type": 64,
      "object_id": "2",
      "object_repr": "2 a\u00f1os como jojojo",
      "user": 1
    },
    "model": "admin.logentry",
    "pk": 22
  },
  {
    "fields": {
      "action_flag": 1,
      "action_time": "2023-07-10T11:10:11.062Z",
      "change_message": "[{\"added\": {}}]",
      "content_type": 64,
      "object_id": "3",
      "object_repr": "3 a\u00f1os de experiencia siendo expulsado",
      "user": 1
    },
    "model": "admin.logentry",
    "pk": 23
  },
  {
    "fields": {
      "action_flag": 1,
      "action_time": "2023-07-10T11:10:24.982Z",
      "change_message": "[{\"added\": {}}]",
      "content_type": 64,
      "object_id": "4",
      "object_repr": "7 a\u00f1os de experiencia estudiando en la pucp",
      "user": 1
    },
    "model": "admin.logentry",
    "pk": 24
  },
  {
    "fields": {
      "expire_date": "2023-07-24T09:45:29.480Z",
      "session_data": ".eJxVjDsOwjAQBe_iGlne-Icp6XMGa9de4wCypXwqxN0hUgpo38y8l4i4rTVuC89xyuIiQJx-N8L04LaDfMd26zL1ts4TyV2RB13k2DM_r4f7d1Bxqd-6BFWcYx50UKSMNkhnpxkysnaQ_QDWOWUs4UCaCgYogBDIerCIPon3B9hcN7g:1qInST:WZtVIivnGar99KSdlilzzeFqncyqIZVrplVvFhcf9bE"
    },
    "model": "sessions.session",
    "pk": "lx554igli9yr2tymsuchn5un835niz37"
  },
  {
    "fields": {
      "expire_date": "2023-07-13T04:25:59.757Z",
      "session_data": ".eJxVjDsOwjAQBe_iGlne-Icp6XMGa9de4wCypXwqxN0hUgpo38y8l4i4rTVuC89xyuIiQJx-N8L04LaDfMd26zL1ts4TyV2RB13k2DM_r4f7d1Bxqd-6BFWcYx50UKSMNkhnpxkysnaQ_QDWOWUs4UCaCgYogBDIerCIPon3B9hcN7g:1qEjEF:9G8_V-28yyiOlgmd1XUuF-rzTyEnT6_RAe4Ax5dp5Ec"
    },
    "model": "sessions.session",
    "pk": "tuaz5c6kp5ebu3v290bot8xaxjo471zg"
  },
  {
    "fields": {
      "benefits": "-",
      "creationDate": "2023-05-26T00:00:00Z",
      "description": "Ingeniero de software",
      "isActive": true,
      "modalidadTrabajo": "Presencial",
      "modifiedDate": "2023-05-26T00:00:00Z",
      "name": "Ingeniero de software",
      "tipoJornada": "40 horas semanales"
    },
    "model": "personal.position",
    "pk": 1
  },
  {
    "fields": {
      "benefits": "-",
      "creationDate": "2023-05-26T00:00:00Z",
      "description": "Desarrollador de aplicaciones",
      "isActive": true,
      "modalidadTrabajo": "Presencial",
      "modifiedDate": "2023-05-26T00:00:00Z",
      "name": "Desarrollador de aplicaciones",
      "tipoJornada": "40 horas semanales"
    },
    "model": "personal.position",
    "pk": 2
  },
  {
    "fields": {
      "benefits": "-",
      "creationDate": "2023-05-26T00:00:00Z",
      "description": "Arquitecto de software",
      "isActive": true,
      "modalidadTrabajo": "Presencial",
      "modifiedDate": "2023-05-26T00:00:00Z",
      "name": "Arquitecto de software",
      "tipoJornada": "40 horas semanales"
    },
    "model": "personal.position",
    "pk": 3
  },
  {
    "fields": {
      "benefits": "-",
      "creationDate": "2023-05-26T00:00:00Z",
      "description": "Analista de sistemas",
      "isActive": true,
      "modalidadTrabajo": "Presencial",
      "modifiedDate": "2023-05-26T00:00:00Z",
      "name": "Analista de sistemas",
      "tipoJornada": "40 horas semanales"
    },
    "model": "personal.position",
    "pk": 4
  },
  {
    "fields": {
      "benefits": "-",
      "creationDate": "2023-05-26T00:00:00Z",
      "description": "Especialista en bases de datos",
      "isActive": true,
      "modalidadTrabajo": "Presencial",
      "modifiedDate": "2023-05-26T00:00:00Z",
      "name": "Especialista en bases de datos",
      "tipoJornada": "40 horas semanales"
    },
    "model": "personal.position",
    "pk": 5
  },
  {
    "fields": {
      "benefits": "-",
      "creationDate": "2023-05-26T00:00:00Z",
      "description": "Especialista en seguridad de la informaci\u00f3n",
      "isActive": true,
      "modalidadTrabajo": "Presencial",
      "modifiedDate": "2023-05-26T00:00:00Z",
      "name": "Especialista en seguridad de la informaci\u00f3n",
      "tipoJornada": "40 horas semanales"
    },
    "model": "personal.position",
    "pk": 6
  },
  {
    "fields": {
      "benefits": "-",
      "creationDate": "2023-05-26T00:00:00Z",
      "description": "Consultor de TI",
      "isActive": true,
      "modalidadTrabajo": "Presencial",
      "modifiedDate": "2023-05-26T00:00:00Z",
      "name": "Consultor de TI",
      "tipoJornada": "40 horas semanales"
    },
    "model": "personal.position",
    "pk": 7
  },
  {
    "fields": {
      "benefits": "-",
      "creationDate": "2023-05-26T00:00:00Z",
      "description": "Gerente de proyectos de TI",
      "isActive": true,
      "modalidadTrabajo": "Presencial",
      "modifiedDate": "2023-05-26T00:00:00Z",
      "name": "Gerente de proyectos de TI",
      "tipoJornada": "40 horas semanales"
    },
    "model": "personal.position",
    "pk": 8
  },
  {
    "fields": {
      "benefits": "-",
      "creationDate": "2023-05-26T00:00:00Z",
      "description": "Ingeniero de redes",
      "isActive": true,
      "modalidadTrabajo": "Presencial",
      "modifiedDate": "2023-05-26T00:00:00Z",
      "name": "Ingeniero de redes",
      "tipoJornada": "40 horas semanales"
    },
    "model": "personal.position",
    "pk": 9
  },
  {
    "fields": {
      "benefits": "-",
      "creationDate": "2023-05-26T00:00:00Z",
      "description": "Especialista en virtualizaci\u00f3n",
      "isActive": true,
      "modalidadTrabajo": "Presencial",
      "modifiedDate": "2023-05-26T00:00:00Z",
      "name": "Especialista en virtualizaci\u00f3n",
      "tipoJornada": "40 horas semanales"
    },
    "model": "personal.position",
    "pk": 10
  },
  {
    "fields": {
      "benefits": "-",
      "creationDate": "2023-05-26T00:00:00Z",
      "description": "Dise\u00f1ador de interfaces de usuario",
      "isActive": true,
      "modalidadTrabajo": "Presencial",
      "modifiedDate": "2023-05-26T00:00:00Z",
      "name": "Dise\u00f1ador de interfaces de usuario",
      "tipoJornada": "40 horas semanales"
    },
    "model": "personal.position",
    "pk": 11
  },
  {
    "fields": {
      "benefits": "-",
      "creationDate": "2023-05-26T00:00:00Z",
      "description": "Ingeniero de pruebas de software",
      "isActive": true,
      "modalidadTrabajo": "Presencial",
      "modifiedDate": "2023-05-26T00:00:00Z",
      "name": "Ingeniero de pruebas de software",
      "tipoJornada": "40 horas semanales"
    },
    "model": "personal.position",
    "pk": 12
  },
  {
    "fields": {
      "benefits": "-",
      "creationDate": "2023-05-26T00:00:00Z",
      "description": "Administrador de sistemas",
      "isActive": true,
      "modalidadTrabajo": "Presencial",
      "modifiedDate": "2023-05-26T00:00:00Z",
      "name": "Administrador de sistemas",
      "tipoJornada": "40 horas semanales"
    },
    "model": "personal.position",
    "pk": 13
  },
  {
    "fields": {
      "benefits": "-",
      "creationDate": "2023-05-26T00:00:00Z",
      "description": "Cient\u00edfico de datos",
      "isActive": true,
      "modalidadTrabajo": "Presencial",
      "modifiedDate": "2023-05-26T00:00:00Z",
      "name": "Cient\u00edfico de datos",
      "tipoJornada": "40 horas semanales"
    },
    "model": "personal.position",
    "pk": 14
  },
  {
    "fields": {
      "benefits": "-",
      "creationDate": "2023-05-26T00:00:00Z",
      "description": "Especialista en inteligencia artificial (IA)",
      "isActive": true,
      "modalidadTrabajo": "Presencial",
      "modifiedDate": "2023-05-26T00:00:00Z",
      "name": "Especialista en inteligencia artificial (IA)",
      "tipoJornada": "40 horas semanales"
    },
    "model": "personal.position",
    "pk": 15
  },
  {
    "fields": {
      "benefits": "-",
      "creationDate": "2023-05-26T00:00:00Z",
      "description": "Desarrollador web",
      "isActive": true,
      "modalidadTrabajo": "Presencial",
      "modifiedDate": "2023-05-26T00:00:00Z",
      "name": "Desarrollador web",
      "tipoJornada": "40 horas semanales"
    },
    "model": "personal.position",
    "pk": 16
  },
  {
    "fields": {
      "benefits": "-",
      "creationDate": "2023-05-26T00:00:00Z",
      "description": "Especialista en ciberseguridad",
      "isActive": true,
      "modalidadTrabajo": "Presencial",
      "modifiedDate": "2023-05-26T00:00:00Z",
      "name": "Especialista en ciberseguridad",
      "tipoJornada": "40 horas semanales"
    },
    "model": "personal.position",
    "pk": 17
  },
  {
    "fields": {
      "benefits": "-",
      "creationDate": "2023-05-26T00:00:00Z",
      "description": "Especialista en infraestructura de TI",
      "isActive": true,
      "modalidadTrabajo": "Presencial",
      "modifiedDate": "2023-05-26T00:00:00Z",
      "name": "Especialista en infraestructura de TI",
      "tipoJornada": "40 horas semanales"
    },
    "model": "personal.position",
    "pk": 18
  },
  {
    "fields": {
      "benefits": "-",
      "creationDate": "2023-05-26T00:00:00Z",
      "description": "Gerente de productos de TI",
      "isActive": true,
      "modalidadTrabajo": "Presencial",
      "modifiedDate": "2023-05-26T00:00:00Z",
      "name": "Gerente de productos de TI",
      "tipoJornada": "40 horas semanales"
    },
    "model": "personal.position",
    "pk": 19
  },
  {
    "fields": {
      "benefits": "-",
      "creationDate": "2023-05-26T00:00:00Z",
      "description": "Especialista en implementaci\u00f3n y soporte t\u00e9cnico",
      "isActive": true,
      "modalidadTrabajo": "Presencial",
      "modifiedDate": "2023-05-26T00:00:00Z",
      "name": "Especialista en implementaci\u00f3n y soporte t\u00e9cnico",
      "tipoJornada": "40 horas semanales"
    },
    "model": "personal.position",
    "pk": 20
  },
  {
    "fields": {
      "benefits": "-",
      "creationDate": "2023-05-26T00:00:00Z",
      "description": "Especialista en gesti\u00f3n de la nube",
      "isActive": true,
      "modalidadTrabajo": "Presencial",
      "modifiedDate": "2023-05-26T00:00:00Z",
      "name": "Especialista en gesti\u00f3n de la nube",
      "tipoJornada": "40 horas semanales"
    },
    "model": "personal.position",
    "pk": 21
  },
  {
    "fields": {
      "benefits": "-",
      "creationDate": "2023-05-26T00:00:00Z",
      "description": "Especialista en Internet de las cosas",
      "isActive": true,
      "modalidadTrabajo": "Presencial",
      "modifiedDate": "2023-05-26T00:00:00Z",
      "name": "Especialista en Internet de las cosas",
      "tipoJornada": "40 horas semanales"
    },
    "model": "personal.position",
    "pk": 22
  },
  {
    "fields": {
      "benefits": "-",
      "creationDate": "2023-05-26T00:00:00Z",
      "description": "Especialista en an\u00e1lisis de datos",
      "isActive": true,
      "modalidadTrabajo": "Presencial",
      "modifiedDate": "2023-05-26T00:00:00Z",
      "name": "Especialista en an\u00e1lisis de datos",
      "tipoJornada": "40 horas semanales"
    },
    "model": "personal.position",
    "pk": 23
  },
  {
    "fields": {
      "benefits": "-",
      "creationDate": "2023-05-26T00:00:00Z",
      "description": "Ingeniero de aprendizaje autom\u00e1tico",
      "isActive": true,
      "modalidadTrabajo": "Presencial",
      "modifiedDate": "2023-05-26T00:00:00Z",
      "name": "Ingeniero de aprendizaje autom\u00e1tico",
      "tipoJornada": "40 horas semanales"
    },
    "model": "personal.position",
    "pk": 24
  },
  {
    "fields": {
      "benefits": "-",
      "creationDate": "2023-05-26T00:00:00Z",
      "description": "Especialista en integraci\u00f3n de sistemas",
      "isActive": true,
      "modalidadTrabajo": "Presencial",
      "modifiedDate": "2023-05-26T00:00:00Z",
      "name": "Especialista en integraci\u00f3n de sistemas",
      "tipoJornada": "40 horas semanales"
    },
    "model": "personal.position",
    "pk": 25
  },
  {
    "fields": {
      "benefits": "-",
      "creationDate": "2023-05-26T00:00:00Z",
      "description": "Jefe de \u00e1rea de pruebas",
      "isActive": true,
      "modalidadTrabajo": "Presencial",
      "modifiedDate": "2023-05-26T00:00:00Z",
      "name": "Jefe de \u00e1rea de pruebas",
      "tipoJornada": "40 horas semanales"
    },
    "model": "personal.position",
    "pk": 26
  },
  {
    "fields": {
      "benefits": "-",
      "creationDate": "2023-05-26T00:00:00Z",
      "description": "Jefe de \u00e1rea de desarrollo",
      "isActive": true,
      "modalidadTrabajo": "Presencial",
      "modifiedDate": "2023-05-26T00:00:00Z",
      "name": "Jefe de \u00e1rea de desarrollo",
      "tipoJornada": "40 horas semanales"
    },
    "model": "personal.position",
    "pk": 27
  },
  {
    "fields": {
      "benefits": "-",
      "creationDate": "2023-05-26T00:00:00Z",
      "description": "Jefe de \u00e1rea de consultor\u00eda",
      "isActive": true,
      "modalidadTrabajo": "Presencial",
      "modifiedDate": "2023-05-26T00:00:00Z",
      "name": "Jefe de \u00e1rea de consultor\u00eda",
      "tipoJornada": "40 horas semanales"
    },
    "model": "personal.position",
    "pk": 28
  },
  {
    "fields": {
      "benefits": "-",
      "creationDate": "2023-05-26T00:00:00Z",
      "description": "Jefe de \u00e1rea de gesti\u00f3n de proyecto",
      "isActive": true,
      "modalidadTrabajo": "Presencial",
      "modifiedDate": "2023-05-26T00:00:00Z",
      "name": "Jefe de \u00e1rea de gesti\u00f3n de proyecto",
      "tipoJornada": "40 horas semanales"
    },
    "model": "personal.position",
    "pk": 29
  },
  {
    "fields": {
      "benefits": "-",
      "creationDate": "2023-05-26T00:00:00Z",
      "description": "Jefe de \u00e1rea de soporte t\u00e9cnico",
      "isActive": true,
      "modalidadTrabajo": "Presencial",
      "modifiedDate": "2023-05-26T00:00:00Z",
      "name": "Jefe de \u00e1rea de soporte t\u00e9cnico",
      "tipoJornada": "40 horas semanales"
    },
    "model": "personal.position",
    "pk": 30
  },
  {
    "fields": {
      "benefits": "-",
      "creationDate": "2023-05-26T00:00:00Z",
      "description": "Jefe de \u00e1rea de experiencia de usuario",
      "isActive": true,
      "modalidadTrabajo": "Presencial",
      "modifiedDate": "2023-05-26T00:00:00Z",
      "name": "Jefe de \u00e1rea de experiencia de usuario",
      "tipoJornada": "40 horas semanales"
    },
    "model": "personal.position",
    "pk": 31
  },
  {
    "fields": {
      "benefits": "-",
      "creationDate": "2023-05-26T00:00:00Z",
      "description": "Jefe de \u00e1rea de control de calidad",
      "isActive": true,
      "modalidadTrabajo": "Presencial",
      "modifiedDate": "2023-05-26T00:00:00Z",
      "name": "Jefe de \u00e1rea de control de calidad",
      "tipoJornada": "40 horas semanales"
    },
    "model": "personal.position",
    "pk": 32
  },
  {
    "fields": {
      "benefits": "-",
      "creationDate": "2023-05-26T00:00:00Z",
      "description": "Jefe de \u00e1rea de gesti\u00f3n de datos",
      "isActive": true,
      "modalidadTrabajo": "Presencial",
      "modifiedDate": "2023-05-26T00:00:00Z",
      "name": "Jefe de \u00e1rea de gesti\u00f3n de datos",
      "tipoJornada": "40 horas semanales"
    },
    "model": "personal.position",
    "pk": 33
  },
  {
    "fields": {
      "benefits": "-",
      "creationDate": "2023-05-26T00:00:00Z",
      "description": "Jefe de \u00e1rea de seguridad de la informaci\u00f3n",
      "isActive": true,
      "modalidadTrabajo": "Presencial",
      "modifiedDate": "2023-05-26T00:00:00Z",
      "name": "Jefe de \u00e1rea de seguridad de la informaci\u00f3n",
      "tipoJornada": "40 horas semanales"
    },
    "model": "personal.position",
    "pk": 34
  },
  {
    "fields": {
      "benefits": "-",
      "creationDate": "2023-05-26T00:00:00Z",
      "description": "Jefe de \u00e1rea de infraestructura",
      "isActive": true,
      "modalidadTrabajo": "Presencial",
      "modifiedDate": "2023-05-26T00:00:00Z",
      "name": "Jefe de \u00e1rea de infraestructura",
      "tipoJornada": "40 horas semanales"
    },
    "model": "personal.position",
    "pk": 35
  },
  {
    "fields": {
      "benefits": "-",
      "creationDate": "2023-05-26T00:00:00Z",
      "description": "Jefe de \u00e1rea de desarrollo web",
      "isActive": true,
      "modalidadTrabajo": "Presencial",
      "modifiedDate": "2023-05-26T00:00:00Z",
      "name": "Jefe de \u00e1rea de desarrollo web",
      "tipoJornada": "40 horas semanales"
    },
    "model": "personal.position",
    "pk": 36
  },
  {
    "fields": {
      "benefits": "-",
      "creationDate": "2023-05-26T00:00:00Z",
      "description": "Jefe de \u00e1rea de inteligencia artificial",
      "isActive": true,
      "modalidadTrabajo": "Presencial",
      "modifiedDate": "2023-05-26T00:00:00Z",
      "name": "Jefe de \u00e1rea de inteligencia artificial",
      "tipoJornada": "40 horas semanales"
    },
    "model": "personal.position",
    "pk": 37
  },
  {
    "fields": {
      "benefits": "-",
      "creationDate": "2023-05-26T00:00:00Z",
      "description": "Jefe de \u00e1rea de capacitaci\u00f3n",
      "isActive": true,
      "modalidadTrabajo": "Presencial",
      "modifiedDate": "2023-05-26T00:00:00Z",
      "name": "Jefe de \u00e1rea de capacitaci\u00f3n",
      "tipoJornada": "40 horas semanales"
    },
    "model": "personal.position",
    "pk": 38
  },
  {
    "fields": {
      "benefits": "-",
      "creationDate": "2023-05-26T00:00:00Z",
      "description": "Gerente general",
      "isActive": true,
      "modalidadTrabajo": "Presencial",
      "modifiedDate": "2023-05-26T00:00:00Z",
      "name": "Gerente general",
      "tipoJornada": "40 horas semanales"
    },
    "model": "personal.position",
    "pk": 39
  },
  {
    "fields": {
      "benefits": "-",
      "creationDate": "2023-05-26T00:00:00Z",
      "description": "Especialista en pruebas de software:",
      "isActive": true,
      "modalidadTrabajo": "Presencial",
      "modifiedDate": "2023-05-26T00:00:00Z",
      "name": "Especialista en pruebas de software:",
      "tipoJornada": "40 horas semanales"
    },
    "model": "personal.position",
    "pk": 40
  },
  {
    "fields": {
      "benefits": "-",
      "creationDate": "2023-05-26T00:00:00Z",
      "description": "Analista de calidad de software",
      "isActive": true,
      "modalidadTrabajo": "Presencial",
      "modifiedDate": "2023-05-26T00:00:00Z",
      "name": "Analista de calidad de software",
      "tipoJornada": "40 horas semanales"
    },
    "model": "personal.position",
    "pk": 41
  },
  {
    "fields": {
      "benefits": "-",
      "creationDate": "2023-05-26T00:00:00Z",
      "description": "Especialista en automatizaci\u00f3n de pruebas",
      "isActive": true,
      "modalidadTrabajo": "Presencial",
      "modifiedDate": "2023-05-26T00:00:00Z",
      "name": "Especialista en automatizaci\u00f3n de pruebas",
      "tipoJornada": "40 horas semanales"
    },
    "model": "personal.position",
    "pk": 42
  },
  {
    "fields": {
      "benefits": "-",
      "creationDate": "2023-05-26T00:00:00Z",
      "description": "Especialista en capacitaci\u00f3n",
      "isActive": true,
      "modalidadTrabajo": "Presencial",
      "modifiedDate": "2023-05-26T00:00:00Z",
      "name": "Especialista en capacitaci\u00f3n",
      "tipoJornada": "40 horas semanales"
    },
    "model": "personal.position",
    "pk": 43
  },
  {
    "fields": {
      "benefits": "-",
      "creationDate": "2023-05-26T00:00:00Z",
      "description": "Instructor t\u00e9cnico",
      "isActive": true,
      "modalidadTrabajo": "Presencial",
      "modifiedDate": "2023-05-26T00:00:00Z",
      "name": "Instructor t\u00e9cnico",
      "tipoJornada": "40 horas semanales"
    },
    "model": "personal.position",
    "pk": 44
  },
  {
    "fields": {
      "benefits": "-",
      "creationDate": "2023-05-26T00:00:00Z",
      "description": "Coordinador de capacitaci\u00f3n",
      "isActive": true,
      "modalidadTrabajo": "Presencial",
      "modifiedDate": "2023-05-26T00:00:00Z",
      "name": "Coordinador de capacitaci\u00f3n",
      "tipoJornada": "40 horas semanales"
    },
    "model": "personal.position",
    "pk": 45
  },
  {
    "fields": {
      "benefits": "",
      "creationDate": "2023-06-27T05:06:23.797Z",
      "description": "Persona encargada de desarrollo middleware",
      "isActive": true,
      "modalidadTrabajo": "Remoto",
      "modifiedDate": "2023-06-27T05:06:23.797Z",
      "name": "Desarrollador middleware",
      "tipoJornada": "Tiempo completo"
    },
    "model": "personal.position",
    "pk": 46
  },
  {
    "fields": {
      "creationDate": "2023-06-15T11:15:44.260Z",
      "description": "Se centra principalmente en mejorar y ayudar al desarrollo y retenci\u00f3n del talento humano que compone la empresa y que puede suponer el \u00e9xito o el fracaso de la misma",
      "isActive": true,
      "modifiedDate": "2023-06-15T11:15:44.260Z",
      "name": "Area de recursos humanos",
      "supervisorsArea": null
    },
    "model": "personal.area",
    "pk": 1
  },
  {
    "fields": {
      "creationDate": "2023-06-26T23:24:11.306Z",
      "description": "",
      "isActive": true,
      "modifiedDate": "2023-06-26T23:24:11.306Z",
      "name": "Area de desarrollo de software",
      "supervisorsArea": null
    },
    "model": "personal.area",
    "pk": 2
  },
  {
    "fields": {
      "area": 1,
      "availableQuantity": 0,
      "creationDate": "2023-06-15T11:17:22.509Z",
      "isActive": true,
      "modifiedDate": "2023-06-15T11:17:22.509Z",
      "position": 44,
      "unavailableQuantity": 0
    },
    "model": "personal.areaxposicion",
    "pk": 1
  },
  {
    "fields": {
      "area": 1,
      "availableQuantity": 0,
      "creationDate": "2023-06-15T17:46:58.054Z",
      "isActive": true,
      "modifiedDate": "2023-06-15T17:46:58.054Z",
      "position": 45,
      "unavailableQuantity": 0
    },
    "model": "personal.areaxposicion",
    "pk": 2
  },
  {
    "fields": {
      "area": 2,
      "availableQuantity": 0,
      "creationDate": "2023-06-26T23:24:43.048Z",
      "isActive": true,
      "modifiedDate": "2023-06-26T23:24:43.048Z",
      "position": 1,
      "unavailableQuantity": 0
    },
    "model": "personal.areaxposicion",
    "pk": 3
  },
  {
    "fields": {
      "area": 1,
      "availableQuantity": 0,
      "creationDate": "2023-06-27T05:06:23.799Z",
      "isActive": true,
      "modifiedDate": "2023-06-27T05:06:23.799Z",
      "position": 46,
      "unavailableQuantity": 0
    },
    "model": "personal.areaxposicion",
    "pk": 4
  },
  {
    "fields": {
      "areaxposition": 1,
      "description": "Coordinar y ejecutar la estrategia de atracci\u00f3n de talento para los procesos de selecci\u00f3n a cargo, seg\u00fan la complejidad del perfil del puesto.",
      "isActive": true
    },
    "model": "personal.functions",
    "pk": 1
  },
  {
    "fields": {
      "areaxposition": 2,
      "description": "Coordinar y ejecutar la estrategia de atracci\u00f3n de talento para los procesos de selecci\u00f3n a cargo, seg\u00fan la complejidad del perfil del puesto.",
      "isActive": true
    },
    "model": "personal.functions",
    "pk": 2
  },
  {
    "fields": {
      "areaxposition": 1,
      "description": "Asegurar a trav\u00e9s de evaluaciones psicol\u00f3gicas, din\u00e1micas grupales, entre otras, la atracci\u00f3n del talento id\u00f3neo para el cumplimiento de los objetivos a nivel compa\u00f1\u00eda en coordinaci\u00f3n con su cliente interno.",
      "isActive": true
    },
    "model": "personal.functions",
    "pk": 3
  },
  {
    "fields": {
      "areaxposition": 1,
      "description": "Realizar los indicadores de selecci\u00f3n (porcentaje de cobertura, rotaci\u00f3n, calidad, costos, contrataci\u00f3n por g\u00e9nero, entre otros) de manera mensual y as\u00ed contar con informaci\u00f3n actualizada para la toma de decisiones oportuna en procesos de atracci\u00f3n de talento).",
      "isActive": true
    },
    "model": "personal.functions",
    "pk": 4
  },
  {
    "fields": {
      "areaxposition": 2,
      "description": "Proponer e implementar ideas para agilizar e innovar nuestros procesos de atracci\u00f3n de talento.",
      "isActive": true
    },
    "model": "personal.functions",
    "pk": 5
  },
  {
    "fields": {
      "areaxposition": 2,
      "description": "Dirigir la estrategia de atracci\u00f3n de talento para los procesos de selecci\u00f3n a cargo, seg\u00fan la complejidad del perfil del puesto.",
      "isActive": true
    },
    "model": "personal.functions",
    "pk": 6
  },
  {
    "fields": {
      "areaxposition": 2,
      "description": "Dirigir los procesos de evaluaciones psicol\u00f3gicas, din\u00e1micas grupales, entre otras, la atracci\u00f3n del talento id\u00f3neo para el cumplimiento de los objetivos a nivel compa\u00f1\u00eda en coordinaci\u00f3n con su cliente interno.",
      "isActive": true
    },
    "model": "personal.functions",
    "pk": 7
  },
  {
    "fields": {
      "areaxposition": 2,
      "description": "Analizar los indicadores de selecci\u00f3n (porcentaje de cobertura, rotaci\u00f3n, calidad, costos, contrataci\u00f3n por g\u00e9nero, entre otros) de manera mensual y as\u00ed contar con informaci\u00f3n actualizada para la toma de decisiones oportuna en procesos de atracci\u00f3n de talento).",
      "isActive": true
    },
    "model": "personal.functions",
    "pk": 8
  },
  {
    "fields": {
      "areaxposition": 2,
      "description": "Proponer e implementar ideas para agilizar e innovar nuestros procesos de atracci\u00f3n de talento.",
      "isActive": true
    },
    "model": "personal.functions",
    "pk": 9
  },
  {
    "fields": {
      "areaxposition": 3,
      "description": "Colocar un coco dentro del c\u00f3digo para que no se caiga",
      "isActive": true
    },
    "model": "personal.functions",
    "pk": 13
  },
  {
    "fields": {
      "areaxposition": 3,
      "description": "Documentar los procesos de desarrollo y el c\u00f3digo legado",
      "isActive": true
    },
    "model": "personal.functions",
    "pk": 14
  },
  {
    "fields": {
      "areaxposition": 3,
      "description": "Desarrollar codigo backend respetando las buenas pr\u00e1cticas de c\u00f3digo",
      "isActive": true
    },
    "model": "personal.functions",
    "pk": 15
  },
  {
    "fields": {
      "areaxposition": 4,
      "description": "Dirigir la estrategia de atracci\u00f3n de talento para los procesos de selecci\u00f3n a cargo, seg\u00fan la complejidad del perfil del puesto.",
      "isActive": true
    },
    "model": "personal.functions",
    "pk": 16
  },
  {
    "fields": {
      "areaxposition": 4,
      "description": "Dirigir los procesos de evaluaciones psicol\u00f3gicas, din\u00e1micas grupales, entre otras, la atracci\u00f3n del talento id\u00f3neo para el cumplimiento de los objetivos a nivel compa\u00f1\u00eda en coordinaci\u00f3n con su cliente interno.",
      "isActive": true
    },
    "model": "personal.functions",
    "pk": 17
  },
  {
    "fields": {
      "areaxposition": 4,
      "description": "Analizar los indicadores de selecci\u00f3n (porcentaje de cobertura, rotaci\u00f3n, calidad, costos, contrataci\u00f3n por g\u00e9nero, entre otros) de manera mensual y as\u00ed contar con informaci\u00f3n actualizada para la toma de decisiones oportuna en procesos de atracci\u00f3n de talento).",
      "isActive": true
    },
    "model": "personal.functions",
    "pk": 18
  },
  {
    "fields": {
      "areaxposition": 4,
      "description": "Proponer e implementar ideas para agilizar e innovar nuestros procesos de atracci\u00f3n de talento.",
      "isActive": true
    },
    "model": "personal.functions",
    "pk": 19
  },
  {
    "fields": {
      "available_positions_quantity": 2,
      "creation_date": "2023-06-29T05:57:26.996Z",
      "is_active": true,
      "modified_date": "2023-06-29T05:57:26.996Z",
      "name": "Proceso de contrataci\u00f3n de Ingenieros de Software",
      "position": 3
    },
    "model": "personal.hiringprocess",
    "pk": 1
  },
  {
    "fields": {
      "available_positions_quantity": 3,
      "creation_date": "2023-06-29T17:28:31.027Z",
      "is_active": true,
      "modified_date": "2023-06-29T17:28:31.027Z",
      "name": "Proceso de selecci\u00f3n de supervisor de recursos humanos",
      "position": 1
    },
    "model": "personal.hiringprocess",
    "pk": 2
  },
  {
    "fields": {
      "beneficies_introduction": "Trabajo h\u00edbrido (Oficina 2 veces a la semana).\nIngreso a planilla desde el primer d\u00eda.\nOpci\u00f3n a EPS (Cobertura al 50%).\nContrato 6 meses.\nD\u00eda libre por cumplea\u00f1os.\n",
      "capacities_introduction": "Perfil requerido para el puesto:\n\n- Experiencia en el desarrollo de aplicaciones utilizando React y la capacidad de escribir c\u00f3digo eficiente y limpio\n- Conocimiento de los conceptos de seguridad en la nube, como el cumplimiento normativo, la protecci\u00f3n de datos y la prevenci\u00f3n de ataques cibern\u00e9ticos\n- Capacidad para aplicar diferentes t\u00e9cnicas de recuperaci\u00f3n de datos en casos de p\u00e9rdidas o fallas en los sistemas, tales como backups, replication, redundancia, y otros.\n\nAdem\u00e1s buscamos las siguientes caracter\u00edsticas:\n\n- Capacidad sobresaliente para hablar de manera efectiva en p\u00fablico\n- Expresa ideas de forma clara y concisa\n- Experiencia en liderar equipos de tama\u00f1o mediano y grande con \u00e9xito",
      "creation_date": "2023-06-29T17:05:37.628Z",
      "hiring_process": 1,
      "introduction": "Nuestra compa\u00f1\u00eda fue concebida para ser una empresa atractiva tanto para clientes como para nuestros colaboradores, nos basamos en una cultura de trabajo en equipo, experiencia, diversi\u00f3n, compromiso, pasi\u00f3n y compa\u00f1erismo.",
      "is_active": true,
      "location": "Lima, Per\u00fa",
      "modified_date": "2023-06-29T17:05:37.635Z",
      "offer_introduction": "Intro a la oferta",
      "photo_url": "",
      "responsabilities_introduction": "Colocar un coco dentro del c\u00f3digo para que no se caiga\nDocumentar los procesos de desarrollo y el c\u00f3digo legado\nDesarrollar codigo backend respetando las buenas pr\u00e1cticas de c\u00f3digo\n",
      "salary_range": "S/.2000-S/.3000"
    },
    "model": "personal.joboffer",
    "pk": 18
  },
  {
    "fields": {
      "beneficies_introduction": "Trabajo h\u00edbrido (Oficina 2 veces a la semana).\nIngreso a planilla desde el primer d\u00eda.\nOpci\u00f3n a EPS (Cobertura al 50%).\nContrato 6 meses.\nD\u00eda libre por cumplea\u00f1os.\n",
      "capacities_introduction": "Perfil requerido para el puesto:\n\n- S\u00f3lidos conocimientos y experiencia en Javascript y desarrollo de aplicaciones web en React.\n- Conocimiento profundo de los fundamentos de React, incluyendo componentes, propiedades y estados.\n- Capacidad para utilizar eficientemente las herramientas necesarias para desarrollar, probar y desplegar aplicaciones en React.\n- Experiencia en la implementaci\u00f3n de estructuras de datos y patrones de dise\u00f1o en React.\n- Conocimiento en t\u00e9cnicas y soluciones de rendimiento en aplicaciones React.\n- Familiaridad con el ecosistema de React y su ecosistema de desarrollo como npm, webpack, Babel, etc.\n- Habilidad para desarrollar interfaces de usuario modernas y responsivas utilizando React y sus librer\u00edas asociadas.\n\nAdem\u00e1s buscamos las siguientes caracter\u00edsticas:\n\n- Capacidad de expresar ideas clara y efectivamente\n- Aptitud para presentar informaci\u00f3n de manera persuasiva en p\u00fablico",
      "creation_date": "2023-06-29T17:29:47.845Z",
      "hiring_process": 2,
      "introduction": "Nuestra compa\u00f1\u00eda fue concebida para ser una empresa atractiva tanto para clientes como para nuestros colaboradores, nos basamos en una cultura de trabajo en equipo, experiencia, diversi\u00f3n, compromiso, pasi\u00f3n y compa\u00f1erismo.",
      "is_active": true,
      "location": "Lima, Per\u00fa",
      "modified_date": "2023-06-29T17:29:47.848Z",
      "offer_introduction": "Necesitamos un supervisor de recursos humanos pilas",
      "photo_url": "",
      "responsabilities_introduction": "Coordinar y ejecutar la estrategia de atracci\u00f3n de talento para los procesos de selecci\u00f3n a cargo, seg\u00fan la complejidad del perfil del puesto.\nAsegurar a trav\u00e9s de evaluaciones psicol\u00f3gicas, din\u00e1micas grupales, entre otras, la atracci\u00f3n del talento id\u00f3neo para el cumplimiento de los objetivos a nivel compa\u00f1\u00eda en coordinaci\u00f3n con su cliente interno.\nRealizar los indicadores de selecci\u00f3n (porcentaje de cobertura, rotaci\u00f3n, calidad, costos, contrataci\u00f3n por g\u00e9nero, entre otros) de manera mensual y as\u00ed contar con informaci\u00f3n actualizada para la toma de decisiones oportuna en procesos de atracci\u00f3n de talento).\n",
      "salary_range": "S/.3000-S/.4000"
    },
    "model": "personal.joboffer",
    "pk": 19
  },
  {
    "fields": {
      "beneficies_introduction": "Trabajo h\u00edbrido (Oficina 2 veces a la semana).\nIngreso a planilla desde el primer d\u00eda.\nOpci\u00f3n a EPS (Cobertura al 50%).\nContrato 6 meses.\nD\u00eda libre por cumplea\u00f1os.\n",
      "capacities_introduction": "Perfil requerido para el puesto:\n\n- Experiencia s\u00f3lida y demostrable en el desarrollo con React\n- Capacidad para escribir c\u00f3digo limpio y eficiente en React\n- Conocimiento profundo de los conceptos clave de React como componentes, JSX, enlaces y estado\n- Familiaridad con las \u00faltimas caracter\u00edsticas de React, como React Hooks y Context API\n- Capacidad para crear interfaces de usuario interactivas y atractivas con componentes de React\n- Experiencia en el manejo de eventos y la gesti\u00f3n del ciclo de vida de componentes de React\n\nAdem\u00e1s buscamos las siguientes caracter\u00edsticas:\n\n-Facilidad para explicar y presentar ideas de forma clara \n-Habilidad para comunicarse efectivamente en p\u00fablico",
      "creation_date": "2023-07-02T17:35:59.373Z",
      "hiring_process": 2,
      "introduction": "Nuestra compa\u00f1\u00eda fue concebida para ser una empresa atractiva tanto para clientes como para nuestros colaboradores, nos basamos en una cultura de trabajo en equipo, experiencia, diversi\u00f3n, compromiso, pasi\u00f3n y compa\u00f1erismo.",
      "is_active": true,
      "location": "Lima, Per\u00fa",
      "modified_date": "2023-07-02T17:35:59.376Z",
      "offer_introduction": "Necesitamos un supervisor de recursos humanos pilas",
      "photo_url": "",
      "responsabilities_introduction": "Coordinar y ejecutar la estrategia de atracci\u00f3n de talento para los procesos de selecci\u00f3n a cargo, seg\u00fan la complejidad del perfil del puesto.\nAsegurar a trav\u00e9s de evaluaciones psicol\u00f3gicas, din\u00e1micas grupales, entre otras, la atracci\u00f3n del talento id\u00f3neo para el cumplimiento de los objetivos a nivel compa\u00f1\u00eda en coordinaci\u00f3n con su cliente interno.\nRealizar los indicadores de selecci\u00f3n (porcentaje de cobertura, rotaci\u00f3n, calidad, costos, contrataci\u00f3n por g\u00e9nero, entre otros) de manera mensual y as\u00ed contar con informaci\u00f3n actualizada para la toma de decisiones oportuna en procesos de atracci\u00f3n de talento).\n",
      "salary_range": "S/.5000-S/.6000"
    },
    "model": "personal.joboffer",
    "pk": 20
  },
  {
    "fields": {
      "beneficies_introduction": "Trabajo h\u00edbrido (Oficina 2 veces a la semana).\nIngreso a planilla desde el primer d\u00eda.\nOpci\u00f3n a EPS (Cobertura al 50%).\nContrato 6 meses.\nD\u00eda libre por cumplea\u00f1os.\n",
      "capacities_introduction": "Perfil requerido para el puesto:\n\n- Familiaridad y dominio fluido de React.js y su ecosistema asociado\n- Capacidad para desarrollar aplicaciones web completas utilizando React y sus principios/pr\u00e1cticas recomendadas\n- Experiencia en manejo eficiente del estado de la aplicaci\u00f3n con Redux o Context API\n- Conocimiento s\u00f3lido de programaci\u00f3n funcional y componentes de React de clase as\u00ed como hooks\n- Capacidad para crear componentes reutilizables utilizando el patr\u00f3n de presentaci\u00f3n y contenedor (presentational and container pattern)\n- Experiencia en optimizar el rendimiento de aplicaciones React\n- Familiaridad con herramientas de desarrollo front-end, como webpack, Babel y ESLint para trabajar en proyectos basados en React\n\nAdem\u00e1s buscamos las siguientes caracter\u00edsticas:\n\n- Capacidad fluida para transmitir ideas de manera efectiva y clara\n- Excelente habilidad para dar presentaciones en p\u00fablico y hablar frente a audiencias de diversos tama\u00f1os",
      "creation_date": "2023-07-02T17:38:06.874Z",
      "hiring_process": 2,
      "introduction": "Nuestra compa\u00f1\u00eda fue concebida para ser una empresa atractiva tanto para clientes como para nuestros colaboradores, nos basamos en una cultura de trabajo en equipo, experiencia, diversi\u00f3n, compromiso, pasi\u00f3n y compa\u00f1erismo.",
      "is_active": true,
      "location": "Lima, Per\u00fa",
      "modified_date": "2023-07-02T17:38:06.878Z",
      "offer_introduction": "Necesitamos un supervisor de recursos humanos pilas",
      "photo_url": "",
      "responsabilities_introduction": "Coordinar y ejecutar la estrategia de atracci\u00f3n de talento para los procesos de selecci\u00f3n a cargo, seg\u00fan la complejidad del perfil del puesto.\nAsegurar a trav\u00e9s de evaluaciones psicol\u00f3gicas, din\u00e1micas grupales, entre otras, la atracci\u00f3n del talento id\u00f3neo para el cumplimiento de los objetivos a nivel compa\u00f1\u00eda en coordinaci\u00f3n con su cliente interno.\nRealizar los indicadores de selecci\u00f3n (porcentaje de cobertura, rotaci\u00f3n, calidad, costos, contrataci\u00f3n por g\u00e9nero, entre otros) de manera mensual y as\u00ed contar con informaci\u00f3n actualizada para la toma de decisiones oportuna en procesos de atracci\u00f3n de talento).\n",
      "salary_range": "S/.5000-S/.6000"
    },
    "model": "personal.joboffer",
    "pk": 21
  },
  {
    "fields": {
      "code": "GRA001",
      "created": "2023-06-27T03:17:53.791Z",
      "deleted": null,
      "description": "",
      "modified": "2023-06-27T03:17:53.791Z",
      "name": "Grado acad\u00e9mico"
    },
    "model": "personal.trainingtype",
    "pk": 1
  },
  {
    "fields": {
      "code": "IDI001",
      "created": "2023-06-27T03:18:11.134Z",
      "deleted": null,
      "description": "",
      "modified": "2023-06-27T03:18:11.134Z",
      "name": "Idioma"
    },
    "model": "personal.trainingtype",
    "pk": 2
  },
  {
    "fields": {
      "code": "CERT001",
      "created": "2023-06-27T03:18:24.950Z",
      "deleted": null,
      "description": "",
      "modified": "2023-06-27T03:18:24.950Z",
      "name": "Certificaci\u00f3n"
    },
    "model": "personal.trainingtype",
    "pk": 3
  },
  {
    "fields": {
      "code": "GL001",
      "created": "2023-06-27T03:19:16.988Z",
      "deleted": null,
      "description": "Grado incompleto",
      "level": 1,
      "modified": "2023-06-27T03:20:07.928Z",
      "name": "Incompleto"
    },
    "model": "personal.traininglevel",
    "pk": 1
  },
  {
    "fields": {
      "code": "GL002",
      "created": "2023-06-27T03:19:26.827Z",
      "deleted": null,
      "description": "",
      "level": 2,
      "modified": "2023-06-27T03:20:19.836Z",
      "name": "Bachiller"
    },
    "model": "personal.traininglevel",
    "pk": 2
  },
  {
    "fields": {
      "code": "GL003",
      "created": "2023-06-27T03:19:41.410Z",
      "deleted": null,
      "description": "",
      "level": 3,
      "modified": "2023-06-27T03:20:25.639Z",
      "name": "Licenciatura"
    },
    "model": "personal.traininglevel",
    "pk": 3
  },
  {
    "fields": {
      "code": "GL004",
      "created": "2023-06-27T03:19:52.216Z",
      "deleted": null,
      "description": "",
      "level": 4,
      "modified": "2023-06-27T03:19:52.216Z",
      "name": "Magister"
    },
    "model": "personal.traininglevel",
    "pk": 4
  },
  {
    "fields": {
      "code": "GL005",
      "created": "2023-06-27T03:20:03.074Z",
      "deleted": null,
      "description": "",
      "level": 5,
      "modified": "2023-06-27T03:20:03.074Z",
      "name": "Doctorado"
    },
    "model": "personal.traininglevel",
    "pk": 5
  },
  {
    "fields": {
      "code": "IDIL001",
      "created": "2023-06-27T03:20:59.954Z",
      "deleted": null,
      "description": "",
      "level": 1,
      "modified": "2023-06-27T03:20:59.954Z",
      "name": "A1"
    },
    "model": "personal.traininglevel",
    "pk": 6
  },
  {
    "fields": {
      "code": "IDIL002",
      "created": "2023-06-27T03:21:08.373Z",
      "deleted": null,
      "description": "",
      "level": 2,
      "modified": "2023-06-27T03:21:08.373Z",
      "name": "A2"
    },
    "model": "personal.traininglevel",
    "pk": 7
  },
  {
    "fields": {
      "code": "IDIL003",
      "created": "2023-06-27T03:21:17.159Z",
      "deleted": null,
      "description": "",
      "level": 3,
      "modified": "2023-06-27T03:21:17.159Z",
      "name": "B1"
    },
    "model": "personal.traininglevel",
    "pk": 8
  },
  {
    "fields": {
      "code": "IDIL004",
      "created": "2023-06-27T03:21:26.083Z",
      "deleted": null,
      "description": "",
      "level": 4,
      "modified": "2023-06-27T03:21:26.083Z",
      "name": "B2"
    },
    "model": "personal.traininglevel",
    "pk": 9
  },
  {
    "fields": {
      "code": "IDIL005",
      "created": "2023-06-27T03:21:36.086Z",
      "deleted": null,
      "description": "",
      "level": 5,
      "modified": "2023-06-27T03:21:36.086Z",
      "name": "C1"
    },
    "model": "personal.traininglevel",
    "pk": 10
  },
  {
    "fields": {
      "code": "IDIL006",
      "created": "2023-06-27T03:21:52.499Z",
      "deleted": null,
      "description": "",
      "level": 6,
      "modified": "2023-06-27T03:21:52.499Z",
      "name": "C2"
    },
    "model": "personal.traininglevel",
    "pk": 11
  },
  {
    "fields": {
      "code": "CERTL001",
      "created": "2023-06-27T03:23:59.232Z",
      "deleted": null,
      "description": "",
      "level": 1,
      "modified": "2023-06-27T03:23:59.232Z",
      "name": "Asociate"
    },
    "model": "personal.traininglevel",
    "pk": 12
  },
  {
    "fields": {
      "code": "CERTL002",
      "created": "2023-06-27T03:25:31.345Z",
      "deleted": null,
      "description": "",
      "level": 2,
      "modified": "2023-06-27T03:25:31.345Z",
      "name": "Professional"
    },
    "model": "personal.traininglevel",
    "pk": 13
  },
  {
    "fields": {
      "code": "INF001",
      "created": "2023-06-27T03:28:01.444Z",
      "deleted": null,
      "description": "",
      "modified": "2023-06-27T03:28:01.444Z",
      "name": "Ingenier\u00eda Inform\u00e1tica",
      "training_type": 1
    },
    "model": "personal.training",
    "pk": 1
  },
  {
    "fields": {
      "code": "ENG001",
      "created": "2023-06-27T03:28:16.764Z",
      "deleted": null,
      "description": "",
      "modified": "2023-06-27T03:28:16.764Z",
      "name": "Ingles",
      "training_type": 2
    },
    "model": "personal.training",
    "pk": 2
  },
  {
    "fields": {
      "code": "AWSC001",
      "created": "2023-06-27T03:28:51.204Z",
      "deleted": null,
      "description": "",
      "modified": "2023-06-27T03:28:51.204Z",
      "name": "AWS Certified Developer",
      "training_type": 3
    },
    "model": "personal.training",
    "pk": 3
  },
  {
    "fields": {
      "created": "2023-06-27T03:31:25.661Z",
      "deleted": null,
      "level": 6,
      "modified": "2023-06-27T03:31:25.661Z",
      "training": 2
    },
    "model": "personal.trainingxlevel",
    "pk": 1
  },
  {
    "fields": {
      "created": "2023-06-27T03:31:30.787Z",
      "deleted": null,
      "level": 7,
      "modified": "2023-06-27T03:31:30.787Z",
      "training": 2
    },
    "model": "personal.trainingxlevel",
    "pk": 2
  },
  {
    "fields": {
      "created": "2023-06-27T03:31:35.086Z",
      "deleted": null,
      "level": 8,
      "modified": "2023-06-27T03:31:35.086Z",
      "training": 2
    },
    "model": "personal.trainingxlevel",
    "pk": 3
  },
  {
    "fields": {
      "created": "2023-06-27T03:31:39.389Z",
      "deleted": null,
      "level": 9,
      "modified": "2023-06-27T03:31:39.389Z",
      "training": 2
    },
    "model": "personal.trainingxlevel",
    "pk": 4
  },
  {
    "fields": {
      "created": "2023-06-27T03:31:43.231Z",
      "deleted": null,
      "level": 10,
      "modified": "2023-06-27T03:31:43.231Z",
      "training": 2
    },
    "model": "personal.trainingxlevel",
    "pk": 5
  },
  {
    "fields": {
      "created": "2023-06-27T03:31:48.130Z",
      "deleted": null,
      "level": 11,
      "modified": "2023-06-27T03:31:48.130Z",
      "training": 2
    },
    "model": "personal.trainingxlevel",
    "pk": 6
  },
  {
    "fields": {
      "created": "2023-06-27T03:31:56.676Z",
      "deleted": null,
      "level": 12,
      "modified": "2023-06-27T03:31:56.676Z",
      "training": 3
    },
    "model": "personal.trainingxlevel",
    "pk": 7
  },
  {
    "fields": {
      "created": "2023-06-27T03:32:00.746Z",
      "deleted": null,
      "level": 13,
      "modified": "2023-06-27T03:32:00.746Z",
      "training": 3
    },
    "model": "personal.trainingxlevel",
    "pk": 8
  },
  {
    "fields": {
      "created": "2023-06-27T03:32:13.079Z",
      "deleted": null,
      "level": 1,
      "modified": "2023-06-27T03:32:13.079Z",
      "training": 1
    },
    "model": "personal.trainingxlevel",
    "pk": 9
  },
  {
    "fields": {
      "created": "2023-06-27T03:32:19.542Z",
      "deleted": null,
      "level": 2,
      "modified": "2023-06-27T03:32:19.542Z",
      "training": 1
    },
    "model": "personal.trainingxlevel",
    "pk": 10
  },
  {
    "fields": {
      "created": "2023-06-27T03:32:23.671Z",
      "deleted": null,
      "level": 3,
      "modified": "2023-06-27T03:32:23.671Z",
      "training": 1
    },
    "model": "personal.trainingxlevel",
    "pk": 11
  },
  {
    "fields": {
      "created": "2023-06-27T03:32:31.421Z",
      "deleted": null,
      "level": 4,
      "modified": "2023-06-27T03:32:31.421Z",
      "training": 1
    },
    "model": "personal.trainingxlevel",
    "pk": 12
  },
  {
    "fields": {
      "created": "2023-06-27T03:32:36.746Z",
      "deleted": null,
      "level": 5,
      "modified": "2023-06-27T03:32:36.746Z",
      "training": 1
    },
    "model": "personal.trainingxlevel",
    "pk": 13
  },
  {
    "fields": {
      "areaxposition": 3,
      "created": "2023-06-27T03:33:09.621Z",
      "deleted": null,
      "modified": "2023-06-27T03:33:09.621Z",
      "score": null,
      "training": 10
    },
    "model": "personal.trainingxareaxposition",
    "pk": 1
  },
  {
    "fields": {
      "areaxposition": 3,
      "created": "2023-06-27T03:33:23.521Z",
      "deleted": null,
      "modified": "2023-06-27T03:33:23.521Z",
      "score": null,
      "training": 7
    },
    "model": "personal.trainingxareaxposition",
    "pk": 2
  },
  {
    "fields": {
      "areaxposition": 3,
      "created": "2023-06-27T03:33:32.111Z",
      "deleted": null,
      "modified": "2023-06-27T03:33:32.111Z",
      "score": null,
      "training": 4
    },
    "model": "personal.trainingxareaxposition",
    "pk": 3
  },
  {
    "fields": {
      "areaxposition": 1,
      "created": "2023-06-27T03:33:38.806Z",
      "deleted": null,
      "modified": "2023-06-27T03:33:38.806Z",
      "score": null,
      "training": 2
    },
    "model": "personal.trainingxareaxposition",
    "pk": 4
  },
  {
    "fields": {
      "areaxposition": 2,
      "created": "2023-06-27T03:33:55.755Z",
      "deleted": null,
      "modified": "2023-06-27T03:33:55.755Z",
      "score": null,
      "training": 6
    },
    "model": "personal.trainingxareaxposition",
    "pk": 5
  },
  {
    "fields": {
      "applicant": 1,
      "created": "2023-07-10T11:08:42.278Z",
      "deleted": null,
      "description": "5 a\u00f1os de blablabla",
      "modified": "2023-07-10T11:08:42.278Z"
    },
    "model": "personal.experience",
    "pk": 1
  },
  {
    "fields": {
      "applicant": 1,
      "created": "2023-07-10T11:08:55.639Z",
      "deleted": null,
      "description": "2 a\u00f1os como jojojo",
      "modified": "2023-07-10T11:08:55.639Z"
    },
    "model": "personal.experience",
    "pk": 2
  },
  {
    "fields": {
      "applicant": 2,
      "created": "2023-07-10T11:10:11.059Z",
      "deleted": null,
      "description": "3 a\u00f1os de experiencia siendo expulsado",
      "modified": "2023-07-10T11:10:11.059Z"
    },
    "model": "personal.experience",
    "pk": 3
  },
  {
    "fields": {
      "applicant": 2,
      "created": "2023-07-10T11:10:24.979Z",
      "deleted": null,
      "description": "7 a\u00f1os de experiencia estudiando en la pucp",
      "modified": "2023-07-10T11:10:24.979Z"
    },
    "model": "personal.experience",
    "pk": 4
  },
  {
    "fields": {
      "applicant": 1,
      "created": "2023-07-10T10:52:42.413Z",
      "deleted": null,
      "modified": "2023-07-10T10:52:42.413Z",
      "trainingxlevel": 3
    },
    "model": "personal.trainingxapplicant",
    "pk": 1
  },
  {
    "fields": {
      "applicant": 1,
      "created": "2023-07-10T10:52:52.039Z",
      "deleted": null,
      "modified": "2023-07-10T10:52:52.039Z",
      "trainingxlevel": 7
    },
    "model": "personal.trainingxapplicant",
    "pk": 2
  },
  {
    "fields": {
      "applicant": 1,
      "created": "2023-07-10T10:53:26.619Z",
      "deleted": null,
      "modified": "2023-07-10T10:53:26.619Z",
      "trainingxlevel": 10
    },
    "model": "personal.trainingxapplicant",
    "pk": 3
  },
  {
    "fields": {
      "applicant": 2,
      "created": "2023-07-10T10:53:41.469Z",
      "deleted": null,
      "modified": "2023-07-10T10:53:41.469Z",
      "trainingxlevel": 6
    },
    "model": "personal.trainingxapplicant",
    "pk": 4
  },
  {
    "fields": {
      "category": null,
      "code": "P001",
      "creationDate": "2023-06-26T23:20:03.196Z",
      "description": "Habilidad para hablar en p\u00fablico",
      "isActive": true,
      "modifiedDate": "2023-06-26T23:20:20.230Z",
      "name": "Habilidad para hablar en p\u00fablico",
      "type": 1
    },
    "model": "evaluations_and_promotions.subcategory",
    "pk": 1
  },
  {
    "fields": {
      "category": null,
      "code": "P002",
      "creationDate": "2023-06-26T23:20:56.516Z",
      "description": "Facilidad de comunicar ideas",
      "isActive": true,
      "modifiedDate": "2023-06-26T23:20:56.516Z",
      "name": "Facilidad de comunicar ideas",
      "type": 1
    },
    "model": "evaluations_and_promotions.subcategory",
    "pk": 2
  },
  {
    "fields": {
      "category": null,
      "code": "T001",
      "creationDate": "2023-06-26T23:21:18.981Z",
      "description": "Proeficiencia en react",
      "isActive": true,
      "modifiedDate": "2023-06-26T23:21:18.981Z",
      "name": "Proeficiencia en react",
      "type": 0
    },
    "model": "evaluations_and_promotions.subcategory",
    "pk": 3
  },
  {
    "fields": {
      "category": null,
      "code": "T002",
      "creationDate": "2023-06-26T23:21:36.199Z",
      "description": "Habilidad en t\u00e9cnicas de recuperaci\u00f3n de datos",
      "isActive": true,
      "modifiedDate": "2023-06-26T23:22:32.258Z",
      "name": "Habilidad en t\u00e9cnicas de recuperaci\u00f3n de datos",
      "type": 0
    },
    "model": "evaluations_and_promotions.subcategory",
    "pk": 4
  },
  {
    "fields": {
      "category": null,
      "code": "T003",
      "creationDate": "2023-06-26T23:22:18.460Z",
      "description": "Conocimientos de seguridad en la nube",
      "isActive": true,
      "modifiedDate": "2023-06-26T23:22:18.460Z",
      "name": "Conocimientos de seguridad en la nube",
      "type": 0
    },
    "model": "evaluations_and_promotions.subcategory",
    "pk": 5
  },
  {
    "fields": {
      "category": null,
      "code": "GGG001",
      "creationDate": "2023-06-29T08:39:47.344Z",
      "description": "Liderazgo de equipos medianos y grandes",
      "isActive": true,
      "modifiedDate": "2023-06-29T08:39:47.344Z",
      "name": "Liderazgo de equipos medianos y grandes",
      "type": 1
    },
    "model": "evaluations_and_promotions.subcategory",
    "pk": 6
  },
  {
    "fields": {
      "areaxposition": 2,
      "competency": 1,
      "created": "2023-06-26T23:23:34.702Z",
      "deleted": null,
      "modified": "2023-06-26T23:23:34.702Z",
      "scale": 2,
      "score": null
    },
    "model": "evaluations_and_promotions.competencyxareaxposition",
    "pk": 1
  },
  {
    "fields": {
      "areaxposition": 2,
      "competency": 2,
      "created": "2023-06-26T23:23:40.810Z",
      "deleted": null,
      "modified": "2023-06-26T23:23:40.810Z",
      "scale": 2,
      "score": null
    },
    "model": "evaluations_and_promotions.competencyxareaxposition",
    "pk": 2
  },
  {
    "fields": {
      "areaxposition": 3,
      "competency": 3,
      "created": "2023-06-26T23:25:06.054Z",
      "deleted": null,
      "modified": "2023-06-26T23:25:06.054Z",
      "scale": 2,
      "score": null
    },
    "model": "evaluations_and_promotions.competencyxareaxposition",
    "pk": 3
  },
  {
    "fields": {
      "areaxposition": 3,
      "competency": 5,
      "created": "2023-06-26T23:25:14.477Z",
      "deleted": null,
      "modified": "2023-06-26T23:25:39.272Z",
      "scale": 2,
      "score": null
    },
    "model": "evaluations_and_promotions.competencyxareaxposition",
    "pk": 4
  },
  {
    "fields": {
      "areaxposition": 3,
      "competency": 4,
      "created": "2023-06-26T23:25:47.710Z",
      "deleted": null,
      "modified": "2023-06-26T23:25:47.710Z",
      "scale": 2,
      "score": null
    },
    "model": "evaluations_and_promotions.competencyxareaxposition",
    "pk": 5
  },
  {
    "fields": {
      "areaxposition": 1,
      "competency": 3,
      "created": "2023-06-26T23:23:34.702Z",
      "deleted": null,
      "modified": "2023-06-26T23:23:34.702Z",
      "scale": 2,
      "score": null
    },
    "model": "evaluations_and_promotions.competencyxareaxposition",
    "pk": 6
  },
  {
    "fields": {
      "areaxposition": 1,
      "competency": 2,
      "created": "2023-06-26T23:23:34.702Z",
      "deleted": null,
      "modified": "2023-06-26T23:23:34.702Z",
      "scale": 2,
      "score": null
    },
    "model": "evaluations_and_promotions.competencyxareaxposition",
    "pk": 7
  },
  {
    "fields": {
      "areaxposition": 1,
      "competency": 1,
      "created": "2023-06-26T23:23:34.702Z",
      "deleted": null,
      "modified": "2023-06-26T23:23:34.702Z",
      "scale": 2,
      "score": null
    },
    "model": "evaluations_and_promotions.competencyxareaxposition",
    "pk": 8
  },
  {
    "fields": {
      "areaxposition": 3,
      "competency": 1,
      "created": "2023-06-29T06:26:08.710Z",
      "deleted": null,
      "modified": "2023-06-29T06:26:08.710Z",
      "scale": 2,
      "score": null
    },
    "model": "evaluations_and_promotions.competencyxareaxposition",
    "pk": 13
  },
  {
    "fields": {
      "areaxposition": 3,
      "competency": 2,
      "created": "2023-06-29T06:26:20.835Z",
      "deleted": null,
      "modified": "2023-06-29T06:26:20.835Z",
      "scale": 2,
      "score": null
    },
    "model": "evaluations_and_promotions.competencyxareaxposition",
    "pk": 14
  },
  {
    "fields": {
      "areaxposition": 3,
      "competency": 6,
      "created": "2023-06-29T08:40:05.513Z",
      "deleted": null,
      "modified": "2023-06-29T08:40:05.513Z",
      "scale": 2,
      "score": null
    },
    "model": "evaluations_and_promotions.competencyxareaxposition",
    "pk": 15
  },
  {
    "fields": {
      "applicant": 1,
      "competency": 1,
      "created": "2023-07-10T10:43:01.527Z",
      "deleted": null,
      "modified": "2023-07-10T10:43:01.527Z",
      "scale": 2,
      "score": "10"
    },
    "model": "evaluations_and_promotions.competencyxapplicant",
    "pk": 1
  },
  {
    "fields": {
      "applicant": 1,
      "competency": 2,
      "created": "2023-07-10T10:43:16.415Z",
      "deleted": null,
      "modified": "2023-07-10T10:43:16.415Z",
      "scale": 2,
      "score": null
    },
    "model": "evaluations_and_promotions.competencyxapplicant",
    "pk": 2
  },
  {
    "fields": {
      "applicant": 1,
      "competency": 3,
      "created": "2023-07-10T10:43:36.133Z",
      "deleted": null,
      "modified": "2023-07-10T10:43:36.133Z",
      "scale": 2,
      "score": null
    },
    "model": "evaluations_and_promotions.competencyxapplicant",
    "pk": 3
  },
  {
    "fields": {
      "applicant": 2,
      "competency": 4,
      "created": "2023-07-10T10:43:42.012Z",
      "deleted": null,
      "modified": "2023-07-10T10:43:42.012Z",
      "scale": 2,
      "score": null
    },
    "model": "evaluations_and_promotions.competencyxapplicant",
    "pk": 4
  },
  {
    "fields": {
      "applicant": 2,
      "competency": 5,
      "created": "2023-07-10T10:43:47.666Z",
      "deleted": null,
      "modified": "2023-07-10T10:43:47.666Z",
      "scale": 2,
      "score": null
    },
    "model": "evaluations_and_promotions.competencyxapplicant",
    "pk": 5
  },
  {
    "fields": {
      "applicant": 2,
      "competency": 6,
      "created": "2023-07-10T10:44:01.305Z",
      "deleted": null,
      "modified": "2023-07-10T10:44:01.305Z",
      "scale": 2,
      "score": null
    },
    "model": "evaluations_and_promotions.competencyxapplicant",
    "pk": 6
  },
  {
    "fields": {
      "created": "2023-05-25T18:36:12.354Z",
      "deleted": null,
      "description": "Postulante",
      "modified": "2023-06-08T08:55:26.486Z",
      "name": "Postulante"
    },
    "model": "login.role",
    "pk": 1
  },
  {
    "fields": {
      "created": "2023-06-08T08:54:58.339Z",
      "deleted": null,
      "description": "Personal de RRHH (recruiter)",
      "modified": "2023-06-08T08:55:33.922Z",
      "name": "Personal de RRHH"
    },
    "model": "login.role",
    "pk": 2
  },
  {
    "fields": {
      "created": "2023-06-08T08:55:16.289Z",
      "deleted": null,
      "description": "Admin de RRHH (reportes)",
      "modified": "2023-06-08T08:55:16.289Z",
      "name": "Admin de RRHH"
    },
    "model": "login.role",
    "pk": 3
  },
  {
    "fields": {
      "created": "2023-06-08T08:55:48.940Z",
      "deleted": null,
      "description": "Empleado de la empresa",
      "modified": "2023-06-08T08:55:48.940Z",
      "name": "Empleado"
    },
    "model": "login.role",
    "pk": 4
  },
  {
    "fields": {
      "created": "2023-06-08T08:56:03.346Z",
      "deleted": null,
      "description": "Jefe de area (trabajadores de su area)",
      "modified": "2023-06-08T08:56:03.346Z",
      "name": "Jefe de area"
    },
    "model": "login.role",
    "pk": 5
  },
  {
    "fields": {
      "created": "2023-06-08T08:56:17.208Z",
      "deleted": null,
      "description": "Gerente de RRHH (dashboard de todas las areas)",
      "modified": "2023-06-08T08:56:17.208Z",
      "name": "Gerente de RRHH"
    },
    "model": "login.role",
    "pk": 6
  },
  {
    "fields": {
      "created": "2023-06-08T08:56:30.251Z",
      "deleted": null,
      "description": "Gerente (todos los modulos)",
      "modified": "2023-06-08T08:56:30.251Z",
      "name": "Gerente"
    },
    "model": "login.role",
    "pk": 7
  },
  {
    "fields": {
      "created": "2023-05-25T18:34:57.432Z",
      "date_joined": "2023-05-25T18:34:57Z",
      "deleted": null,
      "email": "demoadmin@demoadmin.com",
      "first_name": "demoadmin",
      "groups": [],
      "is_active": true,
      "is_staff": true,
      "is_superuser": true,
      "last_login": "2023-07-10T09:45:29.477Z",
      "last_name": "demoadmin",
      "maiden_name": "",
      "modified": "2023-06-01T15:31:08.017Z",
      "password": "pbkdf2_sha256$216000$x2KIVR1mT5YU$rCbKHOGbaJYB1m1MgCkzhWSOklz65J9l6QsyQ7N297Y=",
      "recovery_code": null,
      "second_name": "",
      "user_permissions": [],
      "username": "demoadmin"
    },
    "model": "login.user",
    "pk": 1
  },
  {
    "fields": {
      "created": "2023-05-25T18:35:51.109Z",
      "date_joined": "2023-05-25T18:35:51Z",
      "deleted": null,
      "email": "Jose@joseson.com",
      "first_name": "Jose",
      "groups": [],
      "is_active": true,
      "is_staff": false,
      "is_superuser": false,
      "last_login": null,
      "last_name": "Joseson",
      "maiden_name": "",
      "modified": "2023-06-01T15:31:41.234Z",
      "password": "pbkdf2_sha256$216000$smhYwuNQNpRV$2loGVwY2W3TSeowjsPSdk08goKrYn70j0s5I/aVkX0Q=",
      "recovery_code": null,
      "second_name": "",
      "user_permissions": [],
      "username": "Joseson"
    },
    "model": "login.user",
    "pk": 2
  },
  {
    "fields": {
      "created": "2023-06-01T15:19:36.126Z",
      "date_joined": "2023-06-01T15:19:36Z",
      "deleted": null,
      "email": "marco.bossio@pucp.pe",
      "first_name": "Marco",
      "groups": [],
      "is_active": true,
      "is_staff": true,
      "is_superuser": true,
      "last_login": "2023-06-01T16:44:42.122Z",
      "last_name": "Bossio",
      "maiden_name": "",
      "modified": "2023-06-02T01:32:24.962Z",
      "password": "pbkdf2_sha256$216000$QQTmdEJutuyl$8OfB7EiliTcSZhhVSMhgMteRmttGPaZe1zGpLS7YpGs=",
      "recovery_code": "f376bf25",
      "second_name": "",
      "user_permissions": [],
      "username": "MrBossio"
    },
    "model": "login.user",
    "pk": 3
  },
  {
    "fields": {
      "created": "2023-06-01T15:30:19.072Z",
      "date_joined": "2023-06-01T15:30:19Z",
      "deleted": null,
      "email": "demoadmin2@demoadmin2.com",
      "first_name": "demoadmin2",
      "groups": [],
      "is_active": true,
      "is_staff": true,
      "is_superuser": true,
      "last_login": "2023-06-01T16:33:00Z",
      "last_name": "demoadmin2",
      "maiden_name": "",
      "modified": "2023-06-08T08:57:55.459Z",
      "password": "pbkdf2_sha256$216000$gO3nsBMuy0n3$pB/k9R7ufWZWS9HHL5cYxHQRcSA+wsfh5CSeio98bWs=",
      "recovery_code": null,
      "second_name": "",
      "user_permissions": [],
      "username": "demoadmin2"
    },
    "model": "login.user",
    "pk": 4
  },
  {
    "fields": {
      "created": "2023-06-29T04:28:55.490Z",
      "date_joined": "2023-06-29T04:28:55Z",
      "deleted": null,
      "email": "empleadoncio@empleadirez.com",
      "first_name": "empleadoncio",
      "groups": [],
      "is_active": true,
      "is_staff": false,
      "is_superuser": false,
      "last_login": null,
      "last_name": "empleadirez",
      "maiden_name": "",
      "modified": "2023-06-29T04:29:29.691Z",
      "password": "pbkdf2_sha256$216000$G0H1eanJdFJ7$AnABrjC5IugMx5+025e68aqeduBwJLMu86E+hyqNSzs=",
      "recovery_code": null,
      "second_name": "",
      "user_permissions": [],
      "username": "empleadoncio"
    },
    "model": "login.user",
    "pk": 5
  },
  {
    "fields": {
      "created": "2023-05-25T18:44:53.024Z",
      "deleted": null,
      "modified": "2023-06-08T08:57:16.932Z",
      "roles": 2,
      "user": 2
    },
    "model": "login.userxrole",
    "pk": 1
  },
  {
    "fields": {
      "created": "2023-06-01T15:20:01.556Z",
      "deleted": null,
      "modified": "2023-06-01T15:20:01.556Z",
      "roles": 1,
      "user": 3
    },
    "model": "login.userxrole",
    "pk": 2
  },
  {
    "fields": {
      "created": "2023-06-01T15:20:09.583Z",
      "deleted": null,
      "modified": "2023-06-08T08:57:09.484Z",
      "roles": 7,
      "user": 1
    },
    "model": "login.userxrole",
    "pk": 3
  },
  {
    "fields": {
      "created": "2023-06-08T08:58:38.488Z",
      "deleted": null,
      "modified": "2023-06-08T08:58:38.488Z",
      "roles": 3,
      "user": 4
    },
    "model": "login.userxrole",
    "pk": 4
  },
  {
    "fields": {
      "created": "2023-06-29T04:29:44.626Z",
      "deleted": null,
      "modified": "2023-06-29T04:29:44.626Z",
      "user": 5
    },
    "model": "login.applicant",
    "pk": 1
  },
  {
    "fields": {
      "created": "2023-07-10T09:46:23.898Z",
      "deleted": null,
      "modified": "2023-07-10T09:46:23.898Z",
      "user": 2
    },
    "model": "login.applicant",
    "pk": 2
  },
  {
    "fields": {
      "created": "2023-06-27T05:00:32.705Z",
      "user": 1
    },
    "model": "authtoken.token",
    "pk": "2bbc4d9119e71f7b656790189eb2ead68d890691"
  }
]
