[{"model": "admin.logentry", "pk": 1, "fields": {"action_time": "2023-06-29T04:28:55.626Z", "user": 1, "content_type": 30, "object_id": "5", "object_repr": " ", "action_flag": 1, "change_message": "[{\"added\": {}}]"}}, {"model": "admin.logentry", "pk": 2, "fields": {"action_time": "2023-06-29T04:29:29.696Z", "user": 1, "content_type": 30, "object_id": "5", "object_repr": "empleadoncio ", "action_flag": 2, "change_message": "[{\"changed\": {\"fields\": [\"First name\", \"Last name\", \"Email address\"]}}]"}}, {"model": "admin.logentry", "pk": 3, "fields": {"action_time": "2023-06-29T04:29:44.630Z", "user": 1, "content_type": 31, "object_id": "1", "object_repr": "Applicant object (1)", "action_flag": 1, "change_message": "[{\"added\": {}}]"}}, {"model": "admin.logentry", "pk": 4, "fields": {"action_time": "2023-06-29T05:57:26.996Z", "user": 1, "content_type": 8, "object_id": "1", "object_repr": "Proceso de contratación de Ingenieros de Software", "action_flag": 1, "change_message": "[{\"added\": {}}]"}}, {"model": "admin.logentry", "pk": 5, "fields": {"action_time": "2023-06-29T06:26:08.718Z", "user": 1, "content_type": 23, "object_id": "13", "object_repr": "Habilidad para hablar en público for position Position Ingeniero de software in area Area de desarrollo de software", "action_flag": 1, "change_message": "[{\"added\": {}}]"}}, {"model": "admin.logentry", "pk": 6, "fields": {"action_time": "2023-06-29T06:26:20.843Z", "user": 1, "content_type": 23, "object_id": "14", "object_repr": "Facilidad de comunicar ideas for position Position Ingeniero de software in area Area de desarrollo de software", "action_flag": 1, "change_message": "[{\"added\": {}}]"}}, {"model": "admin.logentry", "pk": 7, "fields": {"action_time": "2023-06-29T08:39:47.346Z", "user": 1, "content_type": 27, "object_id": "6", "object_repr": "Liderazgo de equipos medianos y grandes", "action_flag": 1, "change_message": "[{\"added\": {}}]"}}, {"model": "admin.logentry", "pk": 8, "fields": {"action_time": "2023-06-29T08:40:05.518Z", "user": 1, "content_type": 23, "object_id": "15", "object_repr": "Liderazgo de equipos medianos y grandes for position Position Ingeniero de software in area Area de desarrollo de software", "action_flag": 1, "change_message": "[{\"added\": {}}]"}}, {"model": "admin.logentry", "pk": 9, "fields": {"action_time": "2023-06-29T17:28:31.028Z", "user": 1, "content_type": 8, "object_id": "2", "object_repr": "Proceso de selección de supervisor de recursos humanos", "action_flag": 1, "change_message": "[{\"added\": {}}]"}}, {"model": "admin.logentry", "pk": 10, "fields": {"action_time": "2023-07-10T09:46:23.902Z", "user": 1, "content_type": 31, "object_id": "2", "object_repr": "Applicant: Jose Joseson", "action_flag": 1, "change_message": "[{\"added\": {}}]"}}, {"model": "admin.logentry", "pk": 11, "fields": {"action_time": "2023-07-10T10:43:01.532Z", "user": 1, "content_type": 65, "object_id": "1", "object_repr": "Competency: Habilidad para hablar en público for Applicant: empleadoncio empleadirez", "action_flag": 1, "change_message": "[{\"added\": {}}]"}}, {"model": "admin.logentry", "pk": 12, "fields": {"action_time": "2023-07-10T10:43:16.421Z", "user": 1, "content_type": 65, "object_id": "2", "object_repr": "Competency: Facilidad de comunicar ideas for Applicant: empleadoncio empleadirez", "action_flag": 1, "change_message": "[{\"added\": {}}]"}}, {"model": "admin.logentry", "pk": 13, "fields": {"action_time": "2023-07-10T10:43:36.142Z", "user": 1, "content_type": 65, "object_id": "3", "object_repr": "Competency: Proeficiencia en react for Applicant: empleadoncio empleadirez", "action_flag": 1, "change_message": "[{\"added\": {}}]"}}, {"model": "admin.logentry", "pk": 14, "fields": {"action_time": "2023-07-10T10:43:42.020Z", "user": 1, "content_type": 65, "object_id": "4", "object_repr": "Competency: Habilidad en técnicas de recuperación de datos for Applicant: Jose Joseson", "action_flag": 1, "change_message": "[{\"added\": {}}]"}}, {"model": "admin.logentry", "pk": 15, "fields": {"action_time": "2023-07-10T10:43:47.674Z", "user": 1, "content_type": 65, "object_id": "5", "object_repr": "Competency: Conocimientos de seguridad en la nube for Applicant: Jose Joseson", "action_flag": 1, "change_message": "[{\"added\": {}}]"}}, {"model": "admin.logentry", "pk": 16, "fields": {"action_time": "2023-07-10T10:44:01.311Z", "user": 1, "content_type": 65, "object_id": "6", "object_repr": "Competency: Liderazgo de equipos medianos y grandes for Applicant: Jose Joseson", "action_flag": 1, "change_message": "[{\"added\": {}}]"}}, {"model": "admin.logentry", "pk": 17, "fields": {"action_time": "2023-07-10T10:52:42.422Z", "user": 1, "content_type": 63, "object_id": "1", "object_repr": "Training: Idioma B1 en Ingles for Applicant: empleadoncio empleadirez", "action_flag": 1, "change_message": "[{\"added\": {}}]"}}, {"model": "admin.logentry", "pk": 18, "fields": {"action_time": "2023-07-10T10:52:52.047Z", "user": 1, "content_type": 63, "object_id": "2", "object_repr": "Training: Certificación Asociate en AWS Certified Developer for Applicant: empleadoncio empleadirez", "action_flag": 1, "change_message": "[{\"added\": {}}]"}}, {"model": "admin.logentry", "pk": 19, "fields": {"action_time": "2023-07-10T10:53:26.627Z", "user": 1, "content_type": 63, "object_id": "3", "object_repr": "Training: Grado académico Bachiller en Ingeniería Informática for Applicant: empleadoncio empleadirez", "action_flag": 1, "change_message": "[{\"added\": {}}]"}}, {"model": "admin.logentry", "pk": 20, "fields": {"action_time": "2023-07-10T10:53:41.479Z", "user": 1, "content_type": 63, "object_id": "4", "object_repr": "Training: Idioma C2 en Ingles for Applicant: Jose Joseson", "action_flag": 1, "change_message": "[{\"added\": {}}]"}}, {"model": "admin.logentry", "pk": 21, "fields": {"action_time": "2023-07-10T11:08:42.282Z", "user": 1, "content_type": 64, "object_id": "1", "object_repr": "5 años de blablabla", "action_flag": 1, "change_message": "[{\"added\": {}}]"}}, {"model": "admin.logentry", "pk": 22, "fields": {"action_time": "2023-07-10T11:08:55.642Z", "user": 1, "content_type": 64, "object_id": "2", "object_repr": "2 años como jojojo", "action_flag": 1, "change_message": "[{\"added\": {}}]"}}, {"model": "admin.logentry", "pk": 23, "fields": {"action_time": "2023-07-10T11:10:11.062Z", "user": 1, "content_type": 64, "object_id": "3", "object_repr": "3 años de experiencia siendo expulsado", "action_flag": 1, "change_message": "[{\"added\": {}}]"}}, {"model": "admin.logentry", "pk": 24, "fields": {"action_time": "2023-07-10T11:10:24.982Z", "user": 1, "content_type": 64, "object_id": "4", "object_repr": "7 años de experiencia estudiando en la pucp", "action_flag": 1, "change_message": "[{\"added\": {}}]"}}, {"model": "admin.logentry", "pk": 25, "fields": {"action_time": "2023-07-10T20:55:08.805Z", "user": 1, "content_type": 11, "object_id": "1", "object_repr": "Tipo a", "action_flag": 1, "change_message": "[{\"added\": {}}]"}}, {"model": "admin.logentry", "pk": 26, "fields": {"action_time": "2023-07-10T20:56:07.420Z", "user": 1, "content_type": 17, "object_id": "1", "object_repr": "Etapa 1 del proceso de contratación", "action_flag": 1, "change_message": "[{\"added\": {}}]"}}, {"model": "admin.logentry", "pk": 27, "fields": {"action_time": "2023-07-10T21:01:38.115Z", "user": 1, "content_type": 66, "object_id": "1", "object_repr": "Applicant Applicant: empleadoncio empleadirez in process stage Proceso de contratación de Ingenieros de Software at stage Etapa 1 del proceso de contratación", "action_flag": 1, "change_message": "[{\"added\": {}}]"}}, {"model": "admin.logentry", "pk": 28, "fields": {"action_time": "2023-07-10T21:07:55.146Z", "user": 1, "content_type": 66, "object_id": "2", "object_repr": "Applicant: Jose Joseson, process Proceso de contratación de Ingenieros de Software, stage Etapa 1 del proceso de contratación", "action_flag": 1, "change_message": "[{\"added\": {}}]"}}, {"model": "admin.logentry", "pk": 29, "fields": {"action_time": "2023-07-11T01:44:34.206Z", "user": 1, "content_type": 31, "object_id": "3", "object_repr": "Applicant: Marco Bossio", "action_flag": 1, "change_message": "[{\"added\": {}}]"}}, {"model": "admin.logentry", "pk": 30, "fields": {"action_time": "2023-07-11T01:44:53.525Z", "user": 1, "content_type": 65, "object_id": "19", "object_repr": "Competency: Facilidad de comunicar ideas for Applicant: Marco Bossio", "action_flag": 1, "change_message": "[{\"added\": {}}]"}}, {"model": "admin.logentry", "pk": 31, "fields": {"action_time": "2023-07-11T01:45:04.293Z", "user": 1, "content_type": 65, "object_id": "20", "object_repr": "Competency: Liderazgo de equipos medianos y grandes for Applicant: Marco Bossio", "action_flag": 1, "change_message": "[{\"added\": {}}]"}}, {"model": "admin.logentry", "pk": 32, "fields": {"action_time": "2023-07-11T01:45:33.733Z", "user": 1, "content_type": 63, "object_id": "17", "object_repr": "Training: Idioma C1 en Ingles for Applicant: Marco Bossio", "action_flag": 1, "change_message": "[{\"added\": {}}]"}}, {"model": "admin.logentry", "pk": 33, "fields": {"action_time": "2023-07-11T01:45:50.425Z", "user": 1, "content_type": 63, "object_id": "18", "object_repr": "Training: Grado académico Doctorado en Ingeniería Informática for Applicant: Marco Bossio", "action_flag": 1, "change_message": "[{\"added\": {}}]"}}, {"model": "admin.logentry", "pk": 34, "fields": {"action_time": "2023-07-11T01:47:51.021Z", "user": 1, "content_type": 66, "object_id": "3", "object_repr": "Applicant: Marco Bossio, process Proceso de contratación de Ingenieros de Software, stage Etapa 1 del proceso de contratación", "action_flag": 1, "change_message": "[{\"added\": {}}]"}}, {"model": "admin.logentry", "pk": 35, "fields": {"action_time": "2023-07-11T01:59:43.692Z", "user": 1, "content_type": 65, "object_id": "21", "object_repr": "Competency: Habilidad para hablar en público for Applicant: empleadoncio empleadirez", "action_flag": 1, "change_message": "[{\"added\": {}}]"}}, {"model": "sessions.session", "pk": "lx554igli9yr2tymsuchn5un835niz37", "fields": {"session_data": ".eJxVjDsOwjAQBe_iGlne-Icp6XMGa9de4wCypXwqxN0hUgpo38y8l4i4rTVuC89xyuIiQJx-N8L04LaDfMd26zL1ts4TyV2RB13k2DM_r4f7d1Bxqd-6BFWcYx50UKSMNkhnpxkysnaQ_QDWOWUs4UCaCgYogBDIerCIPon3B9hcN7g:1qInST:WZtVIivnGar99KSdlilzzeFqncyqIZVrplVvFhcf9bE", "expire_date": "2023-07-24T09:45:29.480Z"}}, {"model": "sessions.session", "pk": "tuaz5c6kp5ebu3v290bot8xaxjo471zg", "fields": {"session_data": ".eJxVjDsOwjAQBe_iGlne-Icp6XMGa9de4wCypXwqxN0hUgpo38y8l4i4rTVuC89xyuIiQJx-N8L04LaDfMd26zL1ts4TyV2RB13k2DM_r4f7d1Bxqd-6BFWcYx50UKSMNkhnpxkysnaQ_QDWOWUs4UCaCgYogBDIerCIPon3B9hcN7g:1qEjEF:9G8_V-28yyiOlgmd1XUuF-rzTyEnT6_RAe4Ax5dp5Ec", "expire_date": "2023-07-13T04:25:59.757Z"}}, {"model": "personal.position", "pk": 1, "fields": {"creationDate": "2023-05-26T00:00:00Z", "modifiedDate": "2023-05-26T00:00:00Z", "isActive": true, "name": "Ingeniero de software", "benefits": "-", "description": "Ingeniero de software", "tipoJornada": "40 horas semanales", "modalidadTrabajo": "Presencial"}}, {"model": "personal.position", "pk": 2, "fields": {"creationDate": "2023-05-26T00:00:00Z", "modifiedDate": "2023-05-26T00:00:00Z", "isActive": true, "name": "Desarrollador de aplicaciones", "benefits": "-", "description": "Desarrollador de aplicaciones", "tipoJornada": "40 horas semanales", "modalidadTrabajo": "Presencial"}}, {"model": "personal.position", "pk": 3, "fields": {"creationDate": "2023-05-26T00:00:00Z", "modifiedDate": "2023-05-26T00:00:00Z", "isActive": true, "name": "Arquitecto de software", "benefits": "-", "description": "Arquitecto de software", "tipoJornada": "40 horas semanales", "modalidadTrabajo": "Presencial"}}, {"model": "personal.position", "pk": 4, "fields": {"creationDate": "2023-05-26T00:00:00Z", "modifiedDate": "2023-05-26T00:00:00Z", "isActive": true, "name": "Analista de sistemas", "benefits": "-", "description": "Analista de sistemas", "tipoJornada": "40 horas semanales", "modalidadTrabajo": "Presencial"}}, {"model": "personal.position", "pk": 5, "fields": {"creationDate": "2023-05-26T00:00:00Z", "modifiedDate": "2023-05-26T00:00:00Z", "isActive": true, "name": "Especialista en bases de datos", "benefits": "-", "description": "Especialista en bases de datos", "tipoJornada": "40 horas semanales", "modalidadTrabajo": "Presencial"}}, {"model": "personal.position", "pk": 6, "fields": {"creationDate": "2023-05-26T00:00:00Z", "modifiedDate": "2023-05-26T00:00:00Z", "isActive": true, "name": "Especialista en seguridad de la información", "benefits": "-", "description": "Especialista en seguridad de la información", "tipoJornada": "40 horas semanales", "modalidadTrabajo": "Presencial"}}, {"model": "personal.position", "pk": 7, "fields": {"creationDate": "2023-05-26T00:00:00Z", "modifiedDate": "2023-05-26T00:00:00Z", "isActive": true, "name": "Consultor de TI", "benefits": "-", "description": "Consultor de TI", "tipoJornada": "40 horas semanales", "modalidadTrabajo": "Presencial"}}, {"model": "personal.position", "pk": 8, "fields": {"creationDate": "2023-05-26T00:00:00Z", "modifiedDate": "2023-05-26T00:00:00Z", "isActive": true, "name": "Gerente de proyectos de TI", "benefits": "-", "description": "Gerente de proyectos de TI", "tipoJornada": "40 horas semanales", "modalidadTrabajo": "Presencial"}}, {"model": "personal.position", "pk": 9, "fields": {"creationDate": "2023-05-26T00:00:00Z", "modifiedDate": "2023-05-26T00:00:00Z", "isActive": true, "name": "Ingeniero de redes", "benefits": "-", "description": "Ingeniero de redes", "tipoJornada": "40 horas semanales", "modalidadTrabajo": "Presencial"}}, {"model": "personal.position", "pk": 10, "fields": {"creationDate": "2023-05-26T00:00:00Z", "modifiedDate": "2023-05-26T00:00:00Z", "isActive": true, "name": "Especialista en virtualización", "benefits": "-", "description": "Especialista en virtualización", "tipoJornada": "40 horas semanales", "modalidadTrabajo": "Presencial"}}, {"model": "personal.position", "pk": 11, "fields": {"creationDate": "2023-05-26T00:00:00Z", "modifiedDate": "2023-05-26T00:00:00Z", "isActive": true, "name": "Diseñador de interfaces de usuario", "benefits": "-", "description": "Diseñador de interfaces de usuario", "tipoJornada": "40 horas semanales", "modalidadTrabajo": "Presencial"}}, {"model": "personal.position", "pk": 12, "fields": {"creationDate": "2023-05-26T00:00:00Z", "modifiedDate": "2023-05-26T00:00:00Z", "isActive": true, "name": "Ingeniero de pruebas de software", "benefits": "-", "description": "Ingeniero de pruebas de software", "tipoJornada": "40 horas semanales", "modalidadTrabajo": "Presencial"}}, {"model": "personal.position", "pk": 13, "fields": {"creationDate": "2023-05-26T00:00:00Z", "modifiedDate": "2023-05-26T00:00:00Z", "isActive": true, "name": "Administrador de sistemas", "benefits": "-", "description": "Administrador de sistemas", "tipoJornada": "40 horas semanales", "modalidadTrabajo": "Presencial"}}, {"model": "personal.position", "pk": 14, "fields": {"creationDate": "2023-05-26T00:00:00Z", "modifiedDate": "2023-05-26T00:00:00Z", "isActive": true, "name": "Científico de datos", "benefits": "-", "description": "Científico de datos", "tipoJornada": "40 horas semanales", "modalidadTrabajo": "Presencial"}}, {"model": "personal.position", "pk": 15, "fields": {"creationDate": "2023-05-26T00:00:00Z", "modifiedDate": "2023-05-26T00:00:00Z", "isActive": true, "name": "Especialista en inteligencia artificial (IA)", "benefits": "-", "description": "Especialista en inteligencia artificial (IA)", "tipoJornada": "40 horas semanales", "modalidadTrabajo": "Presencial"}}, {"model": "personal.position", "pk": 16, "fields": {"creationDate": "2023-05-26T00:00:00Z", "modifiedDate": "2023-05-26T00:00:00Z", "isActive": true, "name": "Desarrollador web", "benefits": "-", "description": "Desarrollador web", "tipoJornada": "40 horas semanales", "modalidadTrabajo": "Presencial"}}, {"model": "personal.position", "pk": 17, "fields": {"creationDate": "2023-05-26T00:00:00Z", "modifiedDate": "2023-05-26T00:00:00Z", "isActive": true, "name": "Especialista en ciberseguridad", "benefits": "-", "description": "Especialista en ciberseguridad", "tipoJornada": "40 horas semanales", "modalidadTrabajo": "Presencial"}}, {"model": "personal.position", "pk": 18, "fields": {"creationDate": "2023-05-26T00:00:00Z", "modifiedDate": "2023-05-26T00:00:00Z", "isActive": true, "name": "Especialista en infraestructura de TI", "benefits": "-", "description": "Especialista en infraestructura de TI", "tipoJornada": "40 horas semanales", "modalidadTrabajo": "Presencial"}}, {"model": "personal.position", "pk": 19, "fields": {"creationDate": "2023-05-26T00:00:00Z", "modifiedDate": "2023-05-26T00:00:00Z", "isActive": true, "name": "Gerente de productos de TI", "benefits": "-", "description": "Gerente de productos de TI", "tipoJornada": "40 horas semanales", "modalidadTrabajo": "Presencial"}}, {"model": "personal.position", "pk": 20, "fields": {"creationDate": "2023-05-26T00:00:00Z", "modifiedDate": "2023-05-26T00:00:00Z", "isActive": true, "name": "Especialista en implementación y soporte técnico", "benefits": "-", "description": "Especialista en implementación y soporte técnico", "tipoJornada": "40 horas semanales", "modalidadTrabajo": "Presencial"}}, {"model": "personal.position", "pk": 21, "fields": {"creationDate": "2023-05-26T00:00:00Z", "modifiedDate": "2023-05-26T00:00:00Z", "isActive": true, "name": "Especialista en gestión de la nube", "benefits": "-", "description": "Especialista en gestión de la nube", "tipoJornada": "40 horas semanales", "modalidadTrabajo": "Presencial"}}, {"model": "personal.position", "pk": 22, "fields": {"creationDate": "2023-05-26T00:00:00Z", "modifiedDate": "2023-05-26T00:00:00Z", "isActive": true, "name": "Especialista en Internet de las cosas", "benefits": "-", "description": "Especialista en Internet de las cosas", "tipoJornada": "40 horas semanales", "modalidadTrabajo": "Presencial"}}, {"model": "personal.position", "pk": 23, "fields": {"creationDate": "2023-05-26T00:00:00Z", "modifiedDate": "2023-05-26T00:00:00Z", "isActive": true, "name": "Especialista en análisis de datos", "benefits": "-", "description": "Especialista en análisis de datos", "tipoJornada": "40 horas semanales", "modalidadTrabajo": "Presencial"}}, {"model": "personal.position", "pk": 24, "fields": {"creationDate": "2023-05-26T00:00:00Z", "modifiedDate": "2023-05-26T00:00:00Z", "isActive": true, "name": "Ingeniero de aprendizaje automático", "benefits": "-", "description": "Ingeniero de aprendizaje automático", "tipoJornada": "40 horas semanales", "modalidadTrabajo": "Presencial"}}, {"model": "personal.position", "pk": 25, "fields": {"creationDate": "2023-05-26T00:00:00Z", "modifiedDate": "2023-05-26T00:00:00Z", "isActive": true, "name": "Especialista en integración de sistemas", "benefits": "-", "description": "Especialista en integración de sistemas", "tipoJornada": "40 horas semanales", "modalidadTrabajo": "Presencial"}}, {"model": "personal.position", "pk": 26, "fields": {"creationDate": "2023-05-26T00:00:00Z", "modifiedDate": "2023-05-26T00:00:00Z", "isActive": true, "name": "Jefe de área de pruebas", "benefits": "-", "description": "Jefe de área de pruebas", "tipoJornada": "40 horas semanales", "modalidadTrabajo": "Presencial"}}, {"model": "personal.position", "pk": 27, "fields": {"creationDate": "2023-05-26T00:00:00Z", "modifiedDate": "2023-05-26T00:00:00Z", "isActive": true, "name": "Jefe de área de desarrollo", "benefits": "-", "description": "Jefe de área de desarrollo", "tipoJornada": "40 horas semanales", "modalidadTrabajo": "Presencial"}}, {"model": "personal.position", "pk": 28, "fields": {"creationDate": "2023-05-26T00:00:00Z", "modifiedDate": "2023-05-26T00:00:00Z", "isActive": true, "name": "Jefe de área de consultoría", "benefits": "-", "description": "Jefe de área de consultoría", "tipoJornada": "40 horas semanales", "modalidadTrabajo": "Presencial"}}, {"model": "personal.position", "pk": 29, "fields": {"creationDate": "2023-05-26T00:00:00Z", "modifiedDate": "2023-05-26T00:00:00Z", "isActive": true, "name": "Jefe de área de gestión de proyecto", "benefits": "-", "description": "Jefe de área de gestión de proyecto", "tipoJornada": "40 horas semanales", "modalidadTrabajo": "Presencial"}}, {"model": "personal.position", "pk": 30, "fields": {"creationDate": "2023-05-26T00:00:00Z", "modifiedDate": "2023-05-26T00:00:00Z", "isActive": true, "name": "Jefe de área de soporte técnico", "benefits": "-", "description": "Jefe de área de soporte técnico", "tipoJornada": "40 horas semanales", "modalidadTrabajo": "Presencial"}}, {"model": "personal.position", "pk": 31, "fields": {"creationDate": "2023-05-26T00:00:00Z", "modifiedDate": "2023-05-26T00:00:00Z", "isActive": true, "name": "Jefe de área de experiencia de usuario", "benefits": "-", "description": "Jefe de área de experiencia de usuario", "tipoJornada": "40 horas semanales", "modalidadTrabajo": "Presencial"}}, {"model": "personal.position", "pk": 32, "fields": {"creationDate": "2023-05-26T00:00:00Z", "modifiedDate": "2023-05-26T00:00:00Z", "isActive": true, "name": "Jefe de área de control de calidad", "benefits": "-", "description": "Jefe de área de control de calidad", "tipoJornada": "40 horas semanales", "modalidadTrabajo": "Presencial"}}, {"model": "personal.position", "pk": 33, "fields": {"creationDate": "2023-05-26T00:00:00Z", "modifiedDate": "2023-05-26T00:00:00Z", "isActive": true, "name": "Jefe de área de gestión de datos", "benefits": "-", "description": "Jefe de área de gestión de datos", "tipoJornada": "40 horas semanales", "modalidadTrabajo": "Presencial"}}, {"model": "personal.position", "pk": 34, "fields": {"creationDate": "2023-05-26T00:00:00Z", "modifiedDate": "2023-05-26T00:00:00Z", "isActive": true, "name": "Jefe de área de seguridad de la información", "benefits": "-", "description": "Jefe de área de seguridad de la información", "tipoJornada": "40 horas semanales", "modalidadTrabajo": "Presencial"}}, {"model": "personal.position", "pk": 35, "fields": {"creationDate": "2023-05-26T00:00:00Z", "modifiedDate": "2023-05-26T00:00:00Z", "isActive": true, "name": "Jefe de área de infraestructura", "benefits": "-", "description": "Jefe de área de infraestructura", "tipoJornada": "40 horas semanales", "modalidadTrabajo": "Presencial"}}, {"model": "personal.position", "pk": 36, "fields": {"creationDate": "2023-05-26T00:00:00Z", "modifiedDate": "2023-05-26T00:00:00Z", "isActive": true, "name": "Jefe de área de desarrollo web", "benefits": "-", "description": "Jefe de área de desarrollo web", "tipoJornada": "40 horas semanales", "modalidadTrabajo": "Presencial"}}, {"model": "personal.position", "pk": 37, "fields": {"creationDate": "2023-05-26T00:00:00Z", "modifiedDate": "2023-05-26T00:00:00Z", "isActive": true, "name": "Jefe de área de inteligencia artificial", "benefits": "-", "description": "Jefe de área de inteligencia artificial", "tipoJornada": "40 horas semanales", "modalidadTrabajo": "Presencial"}}, {"model": "personal.position", "pk": 38, "fields": {"creationDate": "2023-05-26T00:00:00Z", "modifiedDate": "2023-05-26T00:00:00Z", "isActive": true, "name": "Jefe de área de capacitación", "benefits": "-", "description": "Jefe de área de capacitación", "tipoJornada": "40 horas semanales", "modalidadTrabajo": "Presencial"}}, {"model": "personal.position", "pk": 39, "fields": {"creationDate": "2023-05-26T00:00:00Z", "modifiedDate": "2023-05-26T00:00:00Z", "isActive": true, "name": "Gerente general", "benefits": "-", "description": "Gerente general", "tipoJornada": "40 horas semanales", "modalidadTrabajo": "Presencial"}}, {"model": "personal.position", "pk": 40, "fields": {"creationDate": "2023-05-26T00:00:00Z", "modifiedDate": "2023-05-26T00:00:00Z", "isActive": true, "name": "Especialista en pruebas de software:", "benefits": "-", "description": "Especialista en pruebas de software:", "tipoJornada": "40 horas semanales", "modalidadTrabajo": "Presencial"}}, {"model": "personal.position", "pk": 41, "fields": {"creationDate": "2023-05-26T00:00:00Z", "modifiedDate": "2023-05-26T00:00:00Z", "isActive": true, "name": "Analista de calidad de software", "benefits": "-", "description": "Analista de calidad de software", "tipoJornada": "40 horas semanales", "modalidadTrabajo": "Presencial"}}, {"model": "personal.position", "pk": 42, "fields": {"creationDate": "2023-05-26T00:00:00Z", "modifiedDate": "2023-05-26T00:00:00Z", "isActive": true, "name": "Especialista en automatización de pruebas", "benefits": "-", "description": "Especialista en automatización de pruebas", "tipoJornada": "40 horas semanales", "modalidadTrabajo": "Presencial"}}, {"model": "personal.position", "pk": 43, "fields": {"creationDate": "2023-05-26T00:00:00Z", "modifiedDate": "2023-05-26T00:00:00Z", "isActive": true, "name": "Especialista en capacitación", "benefits": "-", "description": "Especialista en capacitación", "tipoJornada": "40 horas semanales", "modalidadTrabajo": "Presencial"}}, {"model": "personal.position", "pk": 44, "fields": {"creationDate": "2023-05-26T00:00:00Z", "modifiedDate": "2023-05-26T00:00:00Z", "isActive": true, "name": "Instructor técnico", "benefits": "-", "description": "Instructor técnico", "tipoJornada": "40 horas semanales", "modalidadTrabajo": "Presencial"}}, {"model": "personal.position", "pk": 45, "fields": {"creationDate": "2023-05-26T00:00:00Z", "modifiedDate": "2023-05-26T00:00:00Z", "isActive": true, "name": "Coordinador de capacitación", "benefits": "-", "description": "Coordinador de capacitación", "tipoJornada": "40 horas semanales", "modalidadTrabajo": "Presencial"}}, {"model": "personal.position", "pk": 46, "fields": {"creationDate": "2023-06-27T05:06:23.797Z", "modifiedDate": "2023-06-27T05:06:23.797Z", "isActive": true, "name": "Desarrollador middleware", "benefits": "", "description": "Persona encargada de desarrollo middleware", "tipoJornada": "Tiempo completo", "modalidadTrabajo": "Remoto"}}, {"model": "personal.area", "pk": 1, "fields": {"creationDate": "2023-06-15T11:15:44.260Z", "modifiedDate": "2023-06-15T11:15:44.260Z", "isActive": true, "description": "Se centra principalmente en mejorar y ayudar al desarrollo y retención del talento humano que compone la empresa y que puede suponer el éxito o el fracaso de la misma", "name": "Area de recursos humanos", "supervisorsArea": null}}, {"model": "personal.area", "pk": 2, "fields": {"creationDate": "2023-06-26T23:24:11.306Z", "modifiedDate": "2023-06-26T23:24:11.306Z", "isActive": true, "description": "", "name": "Area de desarrollo de software", "supervisorsArea": null}}, {"model": "personal.areaxposicion", "pk": 1, "fields": {"area": 1, "position": 44, "creationDate": "2023-06-15T11:17:22.509Z", "modifiedDate": "2023-06-15T11:17:22.509Z", "isActive": true, "availableQuantity": 0, "unavailableQuantity": 0}}, {"model": "personal.areaxposicion", "pk": 2, "fields": {"area": 1, "position": 45, "creationDate": "2023-06-15T17:46:58.054Z", "modifiedDate": "2023-06-15T17:46:58.054Z", "isActive": true, "availableQuantity": 0, "unavailableQuantity": 0}}, {"model": "personal.areaxposicion", "pk": 3, "fields": {"area": 2, "position": 1, "creationDate": "2023-06-26T23:24:43.048Z", "modifiedDate": "2023-06-26T23:24:43.048Z", "isActive": true, "availableQuantity": 0, "unavailableQuantity": 0}}, {"model": "personal.areaxposicion", "pk": 4, "fields": {"area": 1, "position": 46, "creationDate": "2023-06-27T05:06:23.799Z", "modifiedDate": "2023-06-27T05:06:23.799Z", "isActive": true, "availableQuantity": 0, "unavailableQuantity": 0}}, {"model": "personal.functions", "pk": 1, "fields": {"areaxposition": 1, "description": "Coordinar y ejecutar la estrategia de atracción de talento para los procesos de selección a cargo, según la complejidad del perfil del puesto.", "isActive": true}}, {"model": "personal.functions", "pk": 2, "fields": {"areaxposition": 2, "description": "Coordinar y ejecutar la estrategia de atracción de talento para los procesos de selección a cargo, según la complejidad del perfil del puesto.", "isActive": true}}, {"model": "personal.functions", "pk": 3, "fields": {"areaxposition": 1, "description": "Asegurar a través de evaluaciones psicológicas, dinámicas grupales, entre otras, la atracción del talento idóneo para el cumplimiento de los objetivos a nivel compañía en coordinación con su cliente interno.", "isActive": true}}, {"model": "personal.functions", "pk": 4, "fields": {"areaxposition": 1, "description": "Realizar los indicadores de selección (porcentaje de cobertura, rotación, calidad, costos, contratación por género, entre otros) de manera mensual y así contar con información actualizada para la toma de decisiones oportuna en procesos de atracción de talento).", "isActive": true}}, {"model": "personal.functions", "pk": 5, "fields": {"areaxposition": 2, "description": "Proponer e implementar ideas para agilizar e innovar nuestros procesos de atracción de talento.", "isActive": true}}, {"model": "personal.functions", "pk": 6, "fields": {"areaxposition": 2, "description": "Dirigir la estrategia de atracción de talento para los procesos de selección a cargo, según la complejidad del perfil del puesto.", "isActive": true}}, {"model": "personal.functions", "pk": 7, "fields": {"areaxposition": 2, "description": "Dirigir los procesos de evaluaciones psicológicas, dinámicas grupales, entre otras, la atracción del talento idóneo para el cumplimiento de los objetivos a nivel compañía en coordinación con su cliente interno.", "isActive": true}}, {"model": "personal.functions", "pk": 8, "fields": {"areaxposition": 2, "description": "Analizar los indicadores de selección (porcentaje de cobertura, rotación, calidad, costos, contratación por género, entre otros) de manera mensual y así contar con información actualizada para la toma de decisiones oportuna en procesos de atracción de talento).", "isActive": true}}, {"model": "personal.functions", "pk": 9, "fields": {"areaxposition": 2, "description": "Proponer e implementar ideas para agilizar e innovar nuestros procesos de atracción de talento.", "isActive": true}}, {"model": "personal.functions", "pk": 13, "fields": {"areaxposition": 3, "description": "Colocar un coco dentro del código para que no se caiga", "isActive": true}}, {"model": "personal.functions", "pk": 14, "fields": {"areaxposition": 3, "description": "Documentar los procesos de desarrollo y el código legado", "isActive": true}}, {"model": "personal.functions", "pk": 15, "fields": {"areaxposition": 3, "description": "Desarrollar codigo backend respetando las buenas prácticas de código", "isActive": true}}, {"model": "personal.functions", "pk": 16, "fields": {"areaxposition": 4, "description": "Dirigir la estrategia de atracción de talento para los procesos de selección a cargo, según la complejidad del perfil del puesto.", "isActive": true}}, {"model": "personal.functions", "pk": 17, "fields": {"areaxposition": 4, "description": "Dirigir los procesos de evaluaciones psicológicas, dinámicas grupales, entre otras, la atracción del talento idóneo para el cumplimiento de los objetivos a nivel compañía en coordinación con su cliente interno.", "isActive": true}}, {"model": "personal.functions", "pk": 18, "fields": {"areaxposition": 4, "description": "Analizar los indicadores de selección (porcentaje de cobertura, rotación, calidad, costos, contratación por género, entre otros) de manera mensual y así contar con información actualizada para la toma de decisiones oportuna en procesos de atracción de talento).", "isActive": true}}, {"model": "personal.functions", "pk": 19, "fields": {"areaxposition": 4, "description": "Proponer e implementar ideas para agilizar e innovar nuestros procesos de atracción de talento.", "isActive": true}}, {"model": "personal.hiringprocess", "pk": 1, "fields": {"position": 3, "name": "Proceso de contratación de Ingenieros de Software", "available_positions_quantity": 2, "creation_date": "2023-06-29T05:57:26.996Z", "modified_date": "2023-06-29T05:57:26.996Z", "is_active": true}}, {"model": "personal.hiringprocess", "pk": 2, "fields": {"position": 1, "name": "Proceso de selección de supervisor de recursos humanos", "available_positions_quantity": 3, "creation_date": "2023-06-29T17:28:31.027Z", "modified_date": "2023-06-29T17:28:31.027Z", "is_active": true}}, {"model": "personal.stagetype", "pk": 1, "fields": {"name": "Tipo a", "creation_date": "2023-07-10T20:55:08.804Z", "modified_date": "2023-07-10T20:55:08.804Z", "is_active": true}}, {"model": "personal.processstage", "pk": 1, "fields": {"stage_type": 1, "hiring_process": 1, "start_date": "2023-07-10", "end_date": "2023-07-10", "order": 1, "name": "Etapa 1 del proceso de contratación", "description": "", "creation_date": "2023-07-10T20:56:07.418Z", "modified_date": "2023-07-10T20:56:07.418Z", "is_active": true, "position_similarity": "85.00"}}, {"model": "personal.joboffer", "pk": 18, "fields": {"hiring_process": 1, "introduction": "Nuestra compañía fue concebida para ser una empresa atractiva tanto para clientes como para nuestros colaboradores, nos basamos en una cultura de trabajo en equipo, experiencia, diversión, compromiso, pasión y compañerismo.", "offer_introduction": "Intro a la oferta", "responsabilities_introduction": "Colocar un coco dentro del código para que no se caiga\nDocumentar los procesos de desarrollo y el código legado\nDesarrollar codigo backend respetando las buenas prácticas de código\n", "capacities_introduction": "Perfil requerido para el puesto:\n\n- Experiencia en el desarrollo de aplicaciones utilizando React y la capacidad de escribir código eficiente y limpio\n- Conocimiento de los conceptos de seguridad en la nube, como el cumplimiento normativo, la protección de datos y la prevención de ataques cibernéticos\n- Capacidad para aplicar diferentes técnicas de recuperación de datos en casos de pérdidas o fallas en los sistemas, tales como backups, replication, redundancia, y otros.\n\nAdemás buscamos las siguientes características:\n\n- Capacidad sobresaliente para hablar de manera efectiva en público\n- Expresa ideas de forma clara y concisa\n- Experiencia en liderar equipos de tamaño mediano y grande con éxito", "beneficies_introduction": "Trabajo híbrido (Oficina 2 veces a la semana).\nIngreso a planilla desde el primer día.\nOpción a EPS (Cobertura al 50%).\nContrato 6 meses.\nDía libre por cumpleaños.\n", "creation_date": "2023-06-29T17:05:37.628Z", "modified_date": "2023-06-29T17:05:37.635Z", "is_active": true, "photo_url": "", "location": "Lima, Perú", "salary_range": "S/.2000-S/.3000"}}, {"model": "personal.joboffer", "pk": 19, "fields": {"hiring_process": 2, "introduction": "Nuestra compañía fue concebida para ser una empresa atractiva tanto para clientes como para nuestros colaboradores, nos basamos en una cultura de trabajo en equipo, experiencia, diversión, compromiso, pasión y compañerismo.", "offer_introduction": "Necesitamos un supervisor de recursos humanos pilas", "responsabilities_introduction": "Coordinar y ejecutar la estrategia de atracción de talento para los procesos de selección a cargo, según la complejidad del perfil del puesto.\nAsegurar a través de evaluaciones psicológicas, dinámicas grupales, entre otras, la atracción del talento idóneo para el cumplimiento de los objetivos a nivel compañía en coordinación con su cliente interno.\nRealizar los indicadores de selección (porcentaje de cobertura, rotación, calidad, costos, contratación por género, entre otros) de manera mensual y así contar con información actualizada para la toma de decisiones oportuna en procesos de atracción de talento).\n", "capacities_introduction": "Perfil requerido para el puesto:\n\n- Sólidos conocimientos y experiencia en Javascript y desarrollo de aplicaciones web en React.\n- Conocimiento profundo de los fundamentos de React, incluyendo componentes, propiedades y estados.\n- Capacidad para utilizar eficientemente las herramientas necesarias para desarrollar, probar y desplegar aplicaciones en React.\n- Experiencia en la implementación de estructuras de datos y patrones de diseño en React.\n- Conocimiento en técnicas y soluciones de rendimiento en aplicaciones React.\n- Familiaridad con el ecosistema de React y su ecosistema de desarrollo como npm, webpack, Babel, etc.\n- Habilidad para desarrollar interfaces de usuario modernas y responsivas utilizando React y sus librerías asociadas.\n\nAdemás buscamos las siguientes características:\n\n- Capacidad de expresar ideas clara y efectivamente\n- Aptitud para presentar información de manera persuasiva en público", "beneficies_introduction": "Trabajo híbrido (Oficina 2 veces a la semana).\nIngreso a planilla desde el primer día.\nOpción a EPS (Cobertura al 50%).\nContrato 6 meses.\nDía libre por cumpleaños.\n", "creation_date": "2023-06-29T17:29:47.845Z", "modified_date": "2023-06-29T17:29:47.848Z", "is_active": true, "photo_url": "", "location": "Lima, Perú", "salary_range": "S/.3000-S/.4000"}}, {"model": "personal.joboffer", "pk": 20, "fields": {"hiring_process": 2, "introduction": "Nuestra compañía fue concebida para ser una empresa atractiva tanto para clientes como para nuestros colaboradores, nos basamos en una cultura de trabajo en equipo, experiencia, diversión, compromiso, pasión y compañerismo.", "offer_introduction": "Necesitamos un supervisor de recursos humanos pilas", "responsabilities_introduction": "Coordinar y ejecutar la estrategia de atracción de talento para los procesos de selección a cargo, según la complejidad del perfil del puesto.\nAsegurar a través de evaluaciones psicológicas, dinámicas grupales, entre otras, la atracción del talento idóneo para el cumplimiento de los objetivos a nivel compañía en coordinación con su cliente interno.\nRealizar los indicadores de selección (porcentaje de cobertura, rotación, calidad, costos, contratación por género, entre otros) de manera mensual y así contar con información actualizada para la toma de decisiones oportuna en procesos de atracción de talento).\n", "capacities_introduction": "Perfil requerido para el puesto:\n\n- Experiencia sólida y demostrable en el desarrollo con React\n- Capacidad para escribir código limpio y eficiente en React\n- Conocimiento profundo de los conceptos clave de React como componentes, JSX, enlaces y estado\n- Familiaridad con las últimas características de React, como React Hooks y Context API\n- Capacidad para crear interfaces de usuario interactivas y atractivas con componentes de React\n- Experiencia en el manejo de eventos y la gestión del ciclo de vida de componentes de React\n\nAdemás buscamos las siguientes características:\n\n-Facilidad para explicar y presentar ideas de forma clara \n-Habilidad para comunicarse efectivamente en público", "beneficies_introduction": "Trabajo híbrido (Oficina 2 veces a la semana).\nIngreso a planilla desde el primer día.\nOpción a EPS (Cobertura al 50%).\nContrato 6 meses.\nDía libre por cumpleaños.\n", "creation_date": "2023-07-02T17:35:59.373Z", "modified_date": "2023-07-02T17:35:59.376Z", "is_active": true, "photo_url": "", "location": "Lima, Perú", "salary_range": "S/.5000-S/.6000"}}, {"model": "personal.joboffer", "pk": 21, "fields": {"hiring_process": 2, "introduction": "Nuestra compañía fue concebida para ser una empresa atractiva tanto para clientes como para nuestros colaboradores, nos basamos en una cultura de trabajo en equipo, experiencia, diversión, compromiso, pasión y compañerismo.", "offer_introduction": "Necesitamos un supervisor de recursos humanos pilas", "responsabilities_introduction": "Coordinar y ejecutar la estrategia de atracción de talento para los procesos de selección a cargo, según la complejidad del perfil del puesto.\nAsegurar a través de evaluaciones psicológicas, dinámicas grupales, entre otras, la atracción del talento idóneo para el cumplimiento de los objetivos a nivel compañía en coordinación con su cliente interno.\nRealizar los indicadores de selección (porcentaje de cobertura, rotación, calidad, costos, contratación por género, entre otros) de manera mensual y así contar con información actualizada para la toma de decisiones oportuna en procesos de atracción de talento).\n", "capacities_introduction": "Perfil requerido para el puesto:\n\n- Familiaridad y dominio fluido de React.js y su ecosistema asociado\n- Capacidad para desarrollar aplicaciones web completas utilizando React y sus principios/prácticas recomendadas\n- Experiencia en manejo eficiente del estado de la aplicación con Redux o Context API\n- Conocimiento sólido de programación funcional y componentes de React de clase así como hooks\n- Capacidad para crear componentes reutilizables utilizando el patrón de presentación y contenedor (presentational and container pattern)\n- Experiencia en optimizar el rendimiento de aplicaciones React\n- Familiaridad con herramientas de desarrollo front-end, como webpack, Babel y ESLint para trabajar en proyectos basados en React\n\nAdemás buscamos las siguientes características:\n\n- Capacidad fluida para transmitir ideas de manera efectiva y clara\n- Excelente habilidad para dar presentaciones en público y hablar frente a audiencias de diversos tamaños", "beneficies_introduction": "Trabajo híbrido (Oficina 2 veces a la semana).\nIngreso a planilla desde el primer día.\nOpción a EPS (Cobertura al 50%).\nContrato 6 meses.\nDía libre por cumpleaños.\n", "creation_date": "2023-07-02T17:38:06.874Z", "modified_date": "2023-07-02T17:38:06.878Z", "is_active": true, "photo_url": "", "location": "Lima, Perú", "salary_range": "S/.5000-S/.6000"}}, {"model": "personal.trainingtype", "pk": 1, "fields": {"created": "2023-06-27T03:17:53.791Z", "modified": "2023-06-27T03:17:53.791Z", "deleted": null, "code": "GRA001", "name": "Grado académico", "description": ""}}, {"model": "personal.trainingtype", "pk": 2, "fields": {"created": "2023-06-27T03:18:11.134Z", "modified": "2023-06-27T03:18:11.134Z", "deleted": null, "code": "IDI001", "name": "Idioma", "description": ""}}, {"model": "personal.trainingtype", "pk": 3, "fields": {"created": "2023-06-27T03:18:24.950Z", "modified": "2023-06-27T03:18:24.950Z", "deleted": null, "code": "CERT001", "name": "Certificación", "description": ""}}, {"model": "personal.traininglevel", "pk": 1, "fields": {"created": "2023-06-27T03:19:16.988Z", "modified": "2023-06-27T03:20:07.928Z", "deleted": null, "code": "GL001", "name": "Incompleto", "description": "Grado incompleto", "level": 1}}, {"model": "personal.traininglevel", "pk": 2, "fields": {"created": "2023-06-27T03:19:26.827Z", "modified": "2023-06-27T03:20:19.836Z", "deleted": null, "code": "GL002", "name": "Bachiller", "description": "", "level": 2}}, {"model": "personal.traininglevel", "pk": 3, "fields": {"created": "2023-06-27T03:19:41.410Z", "modified": "2023-06-27T03:20:25.639Z", "deleted": null, "code": "GL003", "name": "Licenciatura", "description": "", "level": 3}}, {"model": "personal.traininglevel", "pk": 4, "fields": {"created": "2023-06-27T03:19:52.216Z", "modified": "2023-06-27T03:19:52.216Z", "deleted": null, "code": "GL004", "name": "Magister", "description": "", "level": 4}}, {"model": "personal.traininglevel", "pk": 5, "fields": {"created": "2023-06-27T03:20:03.074Z", "modified": "2023-06-27T03:20:03.074Z", "deleted": null, "code": "GL005", "name": "Doctorado", "description": "", "level": 5}}, {"model": "personal.traininglevel", "pk": 6, "fields": {"created": "2023-06-27T03:20:59.954Z", "modified": "2023-06-27T03:20:59.954Z", "deleted": null, "code": "IDIL001", "name": "A1", "description": "", "level": 1}}, {"model": "personal.traininglevel", "pk": 7, "fields": {"created": "2023-06-27T03:21:08.373Z", "modified": "2023-06-27T03:21:08.373Z", "deleted": null, "code": "IDIL002", "name": "A2", "description": "", "level": 2}}, {"model": "personal.traininglevel", "pk": 8, "fields": {"created": "2023-06-27T03:21:17.159Z", "modified": "2023-06-27T03:21:17.159Z", "deleted": null, "code": "IDIL003", "name": "B1", "description": "", "level": 3}}, {"model": "personal.traininglevel", "pk": 9, "fields": {"created": "2023-06-27T03:21:26.083Z", "modified": "2023-06-27T03:21:26.083Z", "deleted": null, "code": "IDIL004", "name": "B2", "description": "", "level": 4}}, {"model": "personal.traininglevel", "pk": 10, "fields": {"created": "2023-06-27T03:21:36.086Z", "modified": "2023-06-27T03:21:36.086Z", "deleted": null, "code": "IDIL005", "name": "C1", "description": "", "level": 5}}, {"model": "personal.traininglevel", "pk": 11, "fields": {"created": "2023-06-27T03:21:52.499Z", "modified": "2023-06-27T03:21:52.499Z", "deleted": null, "code": "IDIL006", "name": "C2", "description": "", "level": 6}}, {"model": "personal.traininglevel", "pk": 12, "fields": {"created": "2023-06-27T03:23:59.232Z", "modified": "2023-06-27T03:23:59.232Z", "deleted": null, "code": "CERTL001", "name": "Asociate", "description": "", "level": 1}}, {"model": "personal.traininglevel", "pk": 13, "fields": {"created": "2023-06-27T03:25:31.345Z", "modified": "2023-06-27T03:25:31.345Z", "deleted": null, "code": "CERTL002", "name": "Professional", "description": "", "level": 2}}, {"model": "personal.training", "pk": 1, "fields": {"created": "2023-06-27T03:28:01.444Z", "modified": "2023-06-27T03:28:01.444Z", "deleted": null, "code": "INF001", "name": "Ingeniería Informática", "description": "", "training_type": 1}}, {"model": "personal.training", "pk": 2, "fields": {"created": "2023-06-27T03:28:16.764Z", "modified": "2023-06-27T03:28:16.764Z", "deleted": null, "code": "ENG001", "name": "Ingles", "description": "", "training_type": 2}}, {"model": "personal.training", "pk": 3, "fields": {"created": "2023-06-27T03:28:51.204Z", "modified": "2023-06-27T03:28:51.204Z", "deleted": null, "code": "AWSC001", "name": "AWS Certified Developer", "description": "", "training_type": 3}}, {"model": "personal.trainingxlevel", "pk": 1, "fields": {"created": "2023-06-27T03:31:25.661Z", "modified": "2023-06-27T03:31:25.661Z", "deleted": null, "training": 2, "level": 6}}, {"model": "personal.trainingxlevel", "pk": 2, "fields": {"created": "2023-06-27T03:31:30.787Z", "modified": "2023-06-27T03:31:30.787Z", "deleted": null, "training": 2, "level": 7}}, {"model": "personal.trainingxlevel", "pk": 3, "fields": {"created": "2023-06-27T03:31:35.086Z", "modified": "2023-06-27T03:31:35.086Z", "deleted": null, "training": 2, "level": 8}}, {"model": "personal.trainingxlevel", "pk": 4, "fields": {"created": "2023-06-27T03:31:39.389Z", "modified": "2023-06-27T03:31:39.389Z", "deleted": null, "training": 2, "level": 9}}, {"model": "personal.trainingxlevel", "pk": 5, "fields": {"created": "2023-06-27T03:31:43.231Z", "modified": "2023-06-27T03:31:43.231Z", "deleted": null, "training": 2, "level": 10}}, {"model": "personal.trainingxlevel", "pk": 6, "fields": {"created": "2023-06-27T03:31:48.130Z", "modified": "2023-06-27T03:31:48.130Z", "deleted": null, "training": 2, "level": 11}}, {"model": "personal.trainingxlevel", "pk": 7, "fields": {"created": "2023-06-27T03:31:56.676Z", "modified": "2023-06-27T03:31:56.676Z", "deleted": null, "training": 3, "level": 12}}, {"model": "personal.trainingxlevel", "pk": 8, "fields": {"created": "2023-06-27T03:32:00.746Z", "modified": "2023-06-27T03:32:00.746Z", "deleted": null, "training": 3, "level": 13}}, {"model": "personal.trainingxlevel", "pk": 9, "fields": {"created": "2023-06-27T03:32:13.079Z", "modified": "2023-06-27T03:32:13.079Z", "deleted": null, "training": 1, "level": 1}}, {"model": "personal.trainingxlevel", "pk": 10, "fields": {"created": "2023-06-27T03:32:19.542Z", "modified": "2023-06-27T03:32:19.542Z", "deleted": null, "training": 1, "level": 2}}, {"model": "personal.trainingxlevel", "pk": 11, "fields": {"created": "2023-06-27T03:32:23.671Z", "modified": "2023-06-27T03:32:23.671Z", "deleted": null, "training": 1, "level": 3}}, {"model": "personal.trainingxlevel", "pk": 12, "fields": {"created": "2023-06-27T03:32:31.421Z", "modified": "2023-06-27T03:32:31.421Z", "deleted": null, "training": 1, "level": 4}}, {"model": "personal.trainingxlevel", "pk": 13, "fields": {"created": "2023-06-27T03:32:36.746Z", "modified": "2023-06-27T03:32:36.746Z", "deleted": null, "training": 1, "level": 5}}, {"model": "personal.trainingxareaxposition", "pk": 1, "fields": {"created": "2023-06-27T03:33:09.621Z", "modified": "2023-06-27T03:33:09.621Z", "deleted": null, "training": 10, "areaxposition": 3, "score": null}}, {"model": "personal.trainingxareaxposition", "pk": 2, "fields": {"created": "2023-06-27T03:33:23.521Z", "modified": "2023-06-27T03:33:23.521Z", "deleted": null, "training": 7, "areaxposition": 3, "score": null}}, {"model": "personal.trainingxareaxposition", "pk": 3, "fields": {"created": "2023-06-27T03:33:32.111Z", "modified": "2023-06-27T03:33:32.111Z", "deleted": null, "training": 4, "areaxposition": 3, "score": null}}, {"model": "personal.trainingxareaxposition", "pk": 4, "fields": {"created": "2023-06-27T03:33:38.806Z", "modified": "2023-06-27T03:33:38.806Z", "deleted": null, "training": 2, "areaxposition": 1, "score": null}}, {"model": "personal.trainingxareaxposition", "pk": 5, "fields": {"created": "2023-06-27T03:33:55.755Z", "modified": "2023-06-27T03:33:55.755Z", "deleted": null, "training": 6, "areaxposition": 2, "score": null}}, {"model": "personal.experience", "pk": 3, "fields": {"created": "2023-07-10T11:10:11.059Z", "modified": "2023-07-10T11:10:11.059Z", "deleted": null, "applicant": 2, "description": "3 años de experiencia siendo expulsado"}}, {"model": "personal.experience", "pk": 4, "fields": {"created": "2023-07-10T11:10:24.979Z", "modified": "2023-07-10T11:10:24.979Z", "deleted": null, "applicant": 2, "description": "7 años de experiencia estudiando en la pucp"}}, {"model": "personal.experience", "pk": 11, "fields": {"created": "2023-07-10T18:25:48.841Z", "modified": "2023-07-10T18:25:48.841Z", "deleted": null, "applicant": 1, "description": "2 años de experiencia como dibujito,\n5años de experiencia como gil"}}, {"model": "personal.trainingxapplicant", "pk": 4, "fields": {"created": "2023-07-10T10:53:41.469Z", "modified": "2023-07-10T10:53:41.469Z", "deleted": null, "trainingxlevel": 6, "applicant": 2}}, {"model": "personal.trainingxapplicant", "pk": 14, "fields": {"created": "2023-07-10T18:25:48.849Z", "modified": "2023-07-10T18:25:48.849Z", "deleted": null, "trainingxlevel": 2, "applicant": 1}}, {"model": "personal.trainingxapplicant", "pk": 15, "fields": {"created": "2023-07-10T18:25:48.853Z", "modified": "2023-07-10T18:25:48.853Z", "deleted": null, "trainingxlevel": 7, "applicant": 1}}, {"model": "personal.trainingxapplicant", "pk": 16, "fields": {"created": "2023-07-10T18:25:48.855Z", "modified": "2023-07-10T18:25:48.855Z", "deleted": null, "trainingxlevel": 12, "applicant": 1}}, {"model": "personal.trainingxapplicant", "pk": 17, "fields": {"created": "2023-07-11T01:45:33.722Z", "modified": "2023-07-11T01:45:33.722Z", "deleted": null, "trainingxlevel": 5, "applicant": 3}}, {"model": "personal.trainingxapplicant", "pk": 18, "fields": {"created": "2023-07-11T01:45:50.412Z", "modified": "2023-07-11T01:45:50.412Z", "deleted": null, "trainingxlevel": 13, "applicant": 3}}, {"model": "personal.applicantxprocessstage", "pk": 1, "fields": {"created": "2023-07-10T21:01:38.107Z", "modified": "2023-07-10T21:01:38.107Z", "deleted": null, "applicant": 1, "process_stage": 1}}, {"model": "personal.applicantxprocessstage", "pk": 2, "fields": {"created": "2023-07-10T21:07:55.136Z", "modified": "2023-07-10T21:07:55.136Z", "deleted": null, "applicant": 2, "process_stage": 1}}, {"model": "personal.applicantxprocessstage", "pk": 3, "fields": {"created": "2023-07-11T01:47:51.015Z", "modified": "2023-07-11T01:47:51.015Z", "deleted": null, "applicant": 3, "process_stage": 1}}, {"model": "evaluations_and_promotions.subcategory", "pk": 1, "fields": {"creationDate": "2023-06-26T23:20:03.196Z", "modifiedDate": "2023-06-26T23:20:20.230Z", "isActive": true, "code": "P001", "name": "Habilidad para hablar en público", "description": "Habilidad para hablar en público", "category": null, "type": 1}}, {"model": "evaluations_and_promotions.subcategory", "pk": 2, "fields": {"creationDate": "2023-06-26T23:20:56.516Z", "modifiedDate": "2023-06-26T23:20:56.516Z", "isActive": true, "code": "P002", "name": "Facilidad de comunicar ideas", "description": "Facilidad de comunicar ideas", "category": null, "type": 1}}, {"model": "evaluations_and_promotions.subcategory", "pk": 3, "fields": {"creationDate": "2023-06-26T23:21:18.981Z", "modifiedDate": "2023-06-26T23:21:18.981Z", "isActive": true, "code": "T001", "name": "Proeficiencia en react", "description": "Proeficiencia en react", "category": null, "type": 0}}, {"model": "evaluations_and_promotions.subcategory", "pk": 4, "fields": {"creationDate": "2023-06-26T23:21:36.199Z", "modifiedDate": "2023-06-26T23:22:32.258Z", "isActive": true, "code": "T002", "name": "Habilidad en técnicas de recuperación de datos", "description": "Habilidad en técnicas de recuperación de datos", "category": null, "type": 0}}, {"model": "evaluations_and_promotions.subcategory", "pk": 5, "fields": {"creationDate": "2023-06-26T23:22:18.460Z", "modifiedDate": "2023-06-26T23:22:18.460Z", "isActive": true, "code": "T003", "name": "Conocimientos de seguridad en la nube", "description": "Conocimientos de seguridad en la nube", "category": null, "type": 0}}, {"model": "evaluations_and_promotions.subcategory", "pk": 6, "fields": {"creationDate": "2023-06-29T08:39:47.344Z", "modifiedDate": "2023-06-29T08:39:47.344Z", "isActive": true, "code": "GGG001", "name": "Liderazgo de equipos medianos y grandes", "description": "Liderazgo de equipos medianos y grandes", "category": null, "type": 1}}, {"model": "evaluations_and_promotions.competencyxareaxposition", "pk": 1, "fields": {"created": "2023-06-26T23:23:34.702Z", "modified": "2023-06-26T23:23:34.702Z", "deleted": null, "competency": 1, "areaxposition": 2, "score": null, "scale": 2}}, {"model": "evaluations_and_promotions.competencyxareaxposition", "pk": 2, "fields": {"created": "2023-06-26T23:23:40.810Z", "modified": "2023-06-26T23:23:40.810Z", "deleted": null, "competency": 2, "areaxposition": 2, "score": null, "scale": 2}}, {"model": "evaluations_and_promotions.competencyxareaxposition", "pk": 3, "fields": {"created": "2023-06-26T23:25:06.054Z", "modified": "2023-06-26T23:25:06.054Z", "deleted": null, "competency": 3, "areaxposition": 3, "score": null, "scale": 2}}, {"model": "evaluations_and_promotions.competencyxareaxposition", "pk": 4, "fields": {"created": "2023-06-26T23:25:14.477Z", "modified": "2023-06-26T23:25:39.272Z", "deleted": null, "competency": 5, "areaxposition": 3, "score": null, "scale": 2}}, {"model": "evaluations_and_promotions.competencyxareaxposition", "pk": 5, "fields": {"created": "2023-06-26T23:25:47.710Z", "modified": "2023-06-26T23:25:47.710Z", "deleted": null, "competency": 4, "areaxposition": 3, "score": null, "scale": 2}}, {"model": "evaluations_and_promotions.competencyxareaxposition", "pk": 6, "fields": {"created": "2023-06-26T23:23:34.702Z", "modified": "2023-06-26T23:23:34.702Z", "deleted": null, "competency": 3, "areaxposition": 1, "score": null, "scale": 2}}, {"model": "evaluations_and_promotions.competencyxareaxposition", "pk": 7, "fields": {"created": "2023-06-26T23:23:34.702Z", "modified": "2023-06-26T23:23:34.702Z", "deleted": null, "competency": 2, "areaxposition": 1, "score": null, "scale": 2}}, {"model": "evaluations_and_promotions.competencyxareaxposition", "pk": 8, "fields": {"created": "2023-06-26T23:23:34.702Z", "modified": "2023-06-26T23:23:34.702Z", "deleted": null, "competency": 1, "areaxposition": 1, "score": null, "scale": 2}}, {"model": "evaluations_and_promotions.competencyxareaxposition", "pk": 13, "fields": {"created": "2023-06-29T06:26:08.710Z", "modified": "2023-06-29T06:26:08.710Z", "deleted": null, "competency": 1, "areaxposition": 3, "score": null, "scale": 2}}, {"model": "evaluations_and_promotions.competencyxareaxposition", "pk": 14, "fields": {"created": "2023-06-29T06:26:20.835Z", "modified": "2023-06-29T06:26:20.835Z", "deleted": null, "competency": 2, "areaxposition": 3, "score": null, "scale": 2}}, {"model": "evaluations_and_promotions.competencyxareaxposition", "pk": 15, "fields": {"created": "2023-06-29T08:40:05.513Z", "modified": "2023-06-29T08:40:05.513Z", "deleted": null, "competency": 6, "areaxposition": 3, "score": null, "scale": 2}}, {"model": "evaluations_and_promotions.competencyxapplicant", "pk": 4, "fields": {"created": "2023-07-10T10:43:42.012Z", "modified": "2023-07-10T10:43:42.012Z", "deleted": null, "competency": 4, "applicant": 2, "score": null, "scale": 2}}, {"model": "evaluations_and_promotions.competencyxapplicant", "pk": 5, "fields": {"created": "2023-07-10T10:43:47.666Z", "modified": "2023-07-10T10:43:47.666Z", "deleted": null, "competency": 5, "applicant": 2, "score": null, "scale": 2}}, {"model": "evaluations_and_promotions.competencyxapplicant", "pk": 6, "fields": {"created": "2023-07-10T10:44:01.305Z", "modified": "2023-07-10T10:44:01.305Z", "deleted": null, "competency": 6, "applicant": 2, "score": null, "scale": 2}}, {"model": "evaluations_and_promotions.competencyxapplicant", "pk": 17, "fields": {"created": "2023-07-10T18:25:48.843Z", "modified": "2023-07-10T18:25:48.843Z", "deleted": null, "competency": 2, "applicant": 1, "score": null, "scale": 2}}, {"model": "evaluations_and_promotions.competencyxapplicant", "pk": 18, "fields": {"created": "2023-07-10T18:25:48.847Z", "modified": "2023-07-10T18:25:48.847Z", "deleted": null, "competency": 3, "applicant": 1, "score": null, "scale": 2}}, {"model": "evaluations_and_promotions.competencyxapplicant", "pk": 19, "fields": {"created": "2023-07-11T01:44:53.519Z", "modified": "2023-07-11T01:44:53.519Z", "deleted": null, "competency": 2, "applicant": 3, "score": null, "scale": 2}}, {"model": "evaluations_and_promotions.competencyxapplicant", "pk": 20, "fields": {"created": "2023-07-11T01:45:04.287Z", "modified": "2023-07-11T01:45:04.287Z", "deleted": null, "competency": 6, "applicant": 3, "score": null, "scale": 2}}, {"model": "evaluations_and_promotions.competencyxapplicant", "pk": 21, "fields": {"created": "2023-07-11T01:59:43.686Z", "modified": "2023-07-11T01:59:43.686Z", "deleted": null, "competency": 1, "applicant": 1, "score": null, "scale": 2}}, {"model": "login.role", "pk": 1, "fields": {"created": "2023-05-25T18:36:12.354Z", "modified": "2023-06-08T08:55:26.486Z", "deleted": null, "name": "Postulante", "description": "Postulante"}}, {"model": "login.role", "pk": 2, "fields": {"created": "2023-06-08T08:54:58.339Z", "modified": "2023-06-08T08:55:33.922Z", "deleted": null, "name": "Personal de RRHH", "description": "Personal de RRHH (recruiter)"}}, {"model": "login.role", "pk": 3, "fields": {"created": "2023-06-08T08:55:16.289Z", "modified": "2023-06-08T08:55:16.289Z", "deleted": null, "name": "Admin de RRHH", "description": "Admin de RRHH (reportes)"}}, {"model": "login.role", "pk": 4, "fields": {"created": "2023-06-08T08:55:48.940Z", "modified": "2023-06-08T08:55:48.940Z", "deleted": null, "name": "Empleado", "description": "Empleado de la empresa"}}, {"model": "login.role", "pk": 5, "fields": {"created": "2023-06-08T08:56:03.346Z", "modified": "2023-06-08T08:56:03.346Z", "deleted": null, "name": "Jefe de area", "description": "Jefe de area (trabajadores de su area)"}}, {"model": "login.role", "pk": 6, "fields": {"created": "2023-06-08T08:56:17.208Z", "modified": "2023-06-08T08:56:17.208Z", "deleted": null, "name": "Gerente de RRHH", "description": "Gerente de RRHH (dashboard de todas las areas)"}}, {"model": "login.role", "pk": 7, "fields": {"created": "2023-06-08T08:56:30.251Z", "modified": "2023-06-08T08:56:30.251Z", "deleted": null, "name": "Gerente", "description": "Gerente (todos los modulos)"}}, {"model": "login.user", "pk": 1, "fields": {"password": "pbkdf2_sha256$216000$x2KIVR1mT5YU$rCbKHOGbaJYB1m1MgCkzhWSOklz65J9l6QsyQ7N297Y=", "last_login": "2023-07-10T09:45:29.477Z", "is_superuser": true, "username": "demoadmin", "first_name": "demoadmin", "last_name": "demoadmin", "is_staff": true, "is_active": true, "date_joined": "2023-05-25T18:34:57Z", "created": "2023-05-25T18:34:57.432Z", "modified": "2023-06-01T15:31:08.017Z", "deleted": null, "email": "demoadmin@demoadmin.com", "second_name": "", "maiden_name": "", "recovery_code": null, "groups": [], "user_permissions": []}}, {"model": "login.user", "pk": 2, "fields": {"password": "pbkdf2_sha256$216000$smhYwuNQNpRV$2loGVwY2W3TSeowjsPSdk08goKrYn70j0s5I/aVkX0Q=", "last_login": null, "is_superuser": false, "username": "Joseson", "first_name": "Jose", "last_name": "Joseson", "is_staff": false, "is_active": true, "date_joined": "2023-05-25T18:35:51Z", "created": "2023-05-25T18:35:51.109Z", "modified": "2023-06-01T15:31:41.234Z", "deleted": null, "email": "Jose@joseson.com", "second_name": "", "maiden_name": "", "recovery_code": null, "groups": [], "user_permissions": []}}, {"model": "login.user", "pk": 3, "fields": {"password": "pbkdf2_sha256$216000$QQTmdEJutuyl$8OfB7EiliTcSZhhVSMhgMteRmttGPaZe1zGpLS7YpGs=", "last_login": "2023-06-01T16:44:42.122Z", "is_superuser": true, "username": "MrBossio", "first_name": "Marco", "last_name": "Bossio", "is_staff": true, "is_active": true, "date_joined": "2023-06-01T15:19:36Z", "created": "2023-06-01T15:19:36.126Z", "modified": "2023-06-02T01:32:24.962Z", "deleted": null, "email": "marco.bossio@pucp.pe", "second_name": "", "maiden_name": "", "recovery_code": "f376bf25", "groups": [], "user_permissions": []}}, {"model": "login.user", "pk": 4, "fields": {"password": "pbkdf2_sha256$216000$gO3nsBMuy0n3$pB/k9R7ufWZWS9HHL5cYxHQRcSA+wsfh5CSeio98bWs=", "last_login": "2023-06-01T16:33:00Z", "is_superuser": true, "username": "demoadmin2", "first_name": "demoadmin2", "last_name": "demoadmin2", "is_staff": true, "is_active": true, "date_joined": "2023-06-01T15:30:19Z", "created": "2023-06-01T15:30:19.072Z", "modified": "2023-06-08T08:57:55.459Z", "deleted": null, "email": "demoadmin2@demoadmin2.com", "second_name": "", "maiden_name": "", "recovery_code": null, "groups": [], "user_permissions": []}}, {"model": "login.user", "pk": 5, "fields": {"password": "pbkdf2_sha256$216000$G0H1eanJdFJ7$AnABrjC5IugMx5+025e68aqeduBwJLMu86E+hyqNSzs=", "last_login": null, "is_superuser": false, "username": "empleadoncio", "first_name": "empleadoncio", "last_name": "empleadirez", "is_staff": false, "is_active": true, "date_joined": "2023-06-29T04:28:55Z", "created": "2023-06-29T04:28:55.490Z", "modified": "2023-06-29T04:29:29.691Z", "deleted": null, "email": "empleadoncio@empleadirez.com", "second_name": "", "maiden_name": "", "recovery_code": null, "groups": [], "user_permissions": []}}, {"model": "login.userxrole", "pk": 1, "fields": {"created": "2023-05-25T18:44:53.024Z", "modified": "2023-06-08T08:57:16.932Z", "deleted": null, "user": 2, "roles": 2}}, {"model": "login.userxrole", "pk": 2, "fields": {"created": "2023-06-01T15:20:01.556Z", "modified": "2023-06-01T15:20:01.556Z", "deleted": null, "user": 3, "roles": 1}}, {"model": "login.userxrole", "pk": 3, "fields": {"created": "2023-06-01T15:20:09.583Z", "modified": "2023-06-08T08:57:09.484Z", "deleted": null, "user": 1, "roles": 7}}, {"model": "login.userxrole", "pk": 4, "fields": {"created": "2023-06-08T08:58:38.488Z", "modified": "2023-06-08T08:58:38.488Z", "deleted": null, "user": 4, "roles": 3}}, {"model": "login.applicant", "pk": 1, "fields": {"created": "2023-06-29T04:29:44.626Z", "modified": "2023-06-29T04:29:44.626Z", "deleted": null, "user": 5}}, {"model": "login.applicant", "pk": 2, "fields": {"created": "2023-07-10T09:46:23.898Z", "modified": "2023-07-10T09:46:23.898Z", "deleted": null, "user": 2}}, {"model": "login.applicant", "pk": 3, "fields": {"created": "2023-07-11T01:44:34.201Z", "modified": "2023-07-11T01:44:34.201Z", "deleted": null, "user": 3}}, {"model": "authtoken.token", "pk": "2bbc4d9119e71f7b656790189eb2ead68d890691", "fields": {"user": 1, "created": "2023-06-27T05:00:32.705Z"}}]